algorithm_time       , avg_time_points    , avg_tracks        , conflicting_visit_pairs, conflicts, cost, delay_cost_type , exit_code, external_status , index, iterations, lb , max_time_points, name      , num_conflicts, num_time_points, num_traveltime, objective_iters, resource_iters, sol_time              , solver_name, solver_time , status          , total_time   , trains, travel_and_resource_iters, travel_iters, ub
0.016453804000000002 ,  1.8037007240547063, 20.931034088134766,                    5915,        33,   34, InfiniteSteps180,          ,                 ,     0,        144,  34,              11, origA1    ,            90,            2242,            932,              12,              1,     22.018204         , MaxsatRc2  , 0.0038379   , ok              ,   0.020291004,     29,                        32,           98,  34
0.024246004          ,  2.1046153846153848, 19.0              ,                    3735,        33,   37, InfiniteSteps180,          ,                 ,     1,        189,  37,              10, origA2    ,           126,            2052,            979,              37,              1,     34.242106         , MaxsatRc2  , 0.008239602 , ok              ,   0.032484806,     25,                        41,          109,  37
0.013966703          ,  2.0355191256830603, 22.375            ,                    2061,        33,   14, InfiniteSteps180,          ,                 ,     2,        180,  14,               8, origA3    ,            62,            1490,            703,              14,              1,     19.630104         , MaxsatRc2  , 0.0041466   , ok              ,   0.018112103,     16,                        25,          141,  14
0.011666301          ,  1.818840579710145 , 19.214284896850586,                    1175,        33,   22, InfiniteSteps180,          ,                 ,     3,         85,  22,               6, origA4    ,            36,            1004,            421,              22,              1,     13.878702         , MaxsatRc2  , 0.000948601 , ok              ,   0.012614002,     14,                        10,           53,  22
0.007756900999999999 ,  1.761603375527426 , 19.25             ,                     876,        33,   19, InfiniteSteps180,          ,                 ,     4,         77,  19,               8, origA5    ,            28,             835,            337,              19,              1,      9.479102         , MaxsatRc2  , 0.0006001   , ok              ,   0.008356201,     12,                         7,           51,  19
0.006752701          ,  1.7222222222222223, 18.625            ,                     307,        33,   14, InfiniteSteps180,          ,                 ,     5,         85,  14,               6, origA6    ,            14,             527,            210,              14,              1,      8.763702         , MaxsatRc2  , 0.0004609   , ok              ,   0.007209101,      8,                         4,           65,  14
0.006251502          ,  2.080952380952381 , 12.625            ,                     126,        33,   15, InfiniteSteps180,          ,                 ,     6,         80,  15,               6, origA7    ,            20,             437,            212,              15,              1,      7.571302         , MaxsatRc2  , 0.0003875   , ok              ,   0.006638402,      8,                         5,           60,  15
0.07271361300000001  ,  6.169384057971015 , 19.214284896850586,                    4877,        33,  136, InfiniteSteps180,          ,                 ,     7,        289, 136,              45, origA8    ,          1054,            6811,           5026,              46,              1,    323.186555         , MaxsatRc2  , 0.248678442 , ok              ,   0.321391255,     28,                       175,           66, 136
0.018581805          ,  2.77007299270073  , 20.049999237060547,                    2616,        33,   40, InfiniteSteps180,          ,                 ,     8,        178,  40,              13, origA9    ,           190,            2277,           1298,              40,              1,     26.416705         , MaxsatRc2  , 0.0066048   , ok              ,   0.025185705,     20,                        57,           79,  40
0.017998503000000002 ,  2.7244094488188977, 18.176469802856445,                    1632,        33,   33, InfiniteSteps180,          ,                 ,     9,        159,  33,              15, origA10   ,           138,            1730,            984,              23,              1,     25.369605         , MaxsatRc2  , 0.005707701 , ok              ,   0.023705304,     17,                        46,           88,  33
0.031463303          ,  2.572950819672131 , 19.83333396911621 ,                    6162,        33,   25, InfiniteSteps180,          ,                 ,    10,        150,  25,              12, origA11   ,           266,            3139,           1709,              25,              1,     50.263209         , MaxsatRc2  , 0.016782305 , ok              ,   0.048245008,     30,                        73,           50,  25
0.043804705000000006 ,  2.9557877813504825, 21.714284896850586,                    6393,        33,   29, InfiniteSteps180,          ,                 ,    11,        208,  29,              12, origA12   ,           292,            3677,           2190,              29,              1,     88.585015         , MaxsatRc2  , 0.04277951  , ok              ,   0.086583315,     28,                        80,           97,  29
0.007106702          ,  1.2040498442367602, 17.33333396911621 ,                    2022,        25,    7, InfiniteSteps180,          ,                 ,    12,         74,   7,               4, origB1    ,            10,             773,            122,               7,              1,      8.384902         , MaxsatRc2  , 0.0002616   , ok              ,   0.007367602,     18,                         3,           62,   7
0.004398             ,  1.5163398692810457, 14.800000190734863,                      87,        25,    5, InfiniteSteps180,          ,                 ,    13,         53,   5,               4, origB2    ,             8,             232,             71,               5,              1,      5.4148           , MaxsatRc2  , 9.16e-05    , ok              ,   0.0044878  ,      5,                         3,           45,   5
0.005484801          ,  2.346820809248555 , 16.799999237060547,                     136,        20,    7, InfiniteSteps180,          ,                 ,    14,         68,   7,               6, origB3    ,            18,             406,            218,               7,              1,      6.702901         , MaxsatRc2  , 0.0003156   , ok              ,   0.005799301,      5,                         6,           55,   7
0.009540102          ,  2.0714285714285716, 15.949999809265137,                    2246,        25,  301, InfiniteSteps180,          ,                 ,    15,         99, 301,              17, origB4    ,           174,            1363,            628,              10,              1,     12.271702000000001, MaxsatRc2  , 0.0016728   , ok              ,   0.011212402,     20,                        56,           31, 301
0.004829101          ,  1.546448087431694 , 17.799999237060547,                     136,        25,    2, InfiniteSteps180,          ,                 ,    16,         73,   2,               3, origB5    ,             6,             283,             94,               2,              1,      5.978200999999999, MaxsatRc2  , 0.0002075   , ok              ,   0.005036001,      5,                         2,           67,   2
0.003860201          ,  1.0127388535031847, 15.199999809265137,                      93,        25,    2, InfiniteSteps180,          ,                 ,    17,          4,   2,               2, origB6    ,             2,             159,              0,               2,              1,      4.742001         , MaxsatRc2  , 1e-05       , ok              ,   0.003869601,      5,                         0,            0,   2
0.018820003000000002 ,  3.1600529100529102, 15.25             ,                    2865,        25,  370, InfiniteSteps180,          ,                 ,    18,        117, 370,              27, origB7    ,           502,            2389,           1537,              19,              1,     31.644205000000003, MaxsatRc2  , 0.011201102 , ok              ,   0.030020205,     24,                        54,           42, 370
0.0045118            ,  1.014388489208633 , 13.399999618530273,                      72,        25,    6, InfiniteSteps180,          ,                 ,    19,          8,   6,               2, origB8    ,             2,             141,              0,               6,              1,      5.517701         , MaxsatRc2  , 1.44e-05    , ok              ,   0.0045248  ,      5,                         0,            0,   6
0.005581401000000001 ,  2.49746192893401  , 13.571428298950195,                     150,        25,   35, InfiniteSteps180,          ,                 ,    20,         66,  35,               7, origB9    ,            26,             492,            274,               8,              1,      6.988401         , MaxsatRc2  , 0.0004417   , ok              ,   0.006022301,      7,                         7,           51,  35
0.005898401          ,  2.5473684210526315, 11.375            ,                     130,        25,   34, InfiniteSteps180,          ,                 ,    21,         55,  34,               7, origB10   ,            34,             484,            266,              10,              1,      7.160201         , MaxsatRc2  , 0.0003611   , ok              ,   0.006258901,      8,                        11,           34,  34
0.04172151000000002  ,  5.189937106918239 , 15.399999618530273,                    3202,        25,  425, InfiniteSteps180,          ,                 ,    22,        368, 425,              65, origB11   ,          1462,            4126,           3346,              29,             43,    133.85752300000001 , MaxsatRc2  , 0.090257913 , ok              ,   0.131978523,     25,                       267,           30, 425
0.0057307009999999995,  1.4636752136752136, 16.214284896850586,                     970,        25,    6, InfiniteSteps180,          ,                 ,    23,         47,   6,               7, origB12   ,            38,             685,            181,               6,              1,      7.129001000000001, MaxsatRc2  , 0.0002256   , ok              ,   0.005955201,     14,                        15,           24,   6
0.07174061400000001  ,  4.317779565567176 , 20.931034088134766,                    5915,        33,   60, InfiniteSteps180,          ,                 ,    24,        212,  60,              20, trackA1   ,           558,            5367,           3706,              25,              1,    230.318445         , MaxsatRc2  , 0.15607553  , ok              ,   0.227815344,     29,                       100,           85,  60
0.03988980699999999  ,  4.196923076923077 , 19.0              ,                    3735,        33,   48, InfiniteSteps180,          ,                 ,    25,        187,  48,              20, trackA2   ,           464,            4092,           2794,              48,              1,     89.818317         , MaxsatRc2  , 0.04831321  , ok              ,   0.088202017,     25,                        84,           53,  48
0.030940905          ,  3.859289617486339 , 22.375            ,                    2061,        33,   18, InfiniteSteps180,          ,                 ,    26,        173,  18,              14, trackA3   ,           248,            2825,           1899,              18,              1,     56.745111         , MaxsatRc2  , 0.024051406 , ok              ,   0.054991311,     16,                        62,           93,  18
0.015777603          ,  2.6449275362318843, 19.214284896850586,                    1175,        33,   18, InfiniteSteps180,          ,                 ,    27,        150,  18,              10, trackA4   ,            94,            1460,            831,              18,              1,     22.224104         , MaxsatRc2  , 0.004494801 , ok              ,   0.020271604,     14,                        25,          107,  18
0.008175501          ,  2.3586497890295357, 19.25             ,                     876,        33,   19, InfiniteSteps180,          ,                 ,    28,         86,  19,              11, trackA5   ,            82,            1118,            583,              19,              1,     10.574102         , MaxsatRc2  , 0.001387801 , ok              ,   0.009562702,     12,                        29,           38,  19
0.0056384009999999995,  1.6633986928104576, 18.625            ,                     307,        33,   11, InfiniteSteps180,          ,                 ,    29,         49,  11,               7, trackA6   ,            24,             509,            185,              11,              1,      6.849101         , MaxsatRc2  , 0.0002249   , ok              ,   0.005862601,      8,                         6,           32,  11
0.005481702000000001 ,  2.1095238095238096, 12.625            ,                     126,        33,   10, InfiniteSteps180,          ,                 ,    30,         61,  10,               6, trackA7   ,            24,             443,            215,              10,              1,      6.823802000000001, MaxsatRc2  , 0.000364    , ok              ,   0.005845002,      8,                         6,           45,  10
0.21394052299999977  , 16.881017257039055 , 19.88888931274414 ,                    4862,        33,  146, InfiniteSteps180,          ,                 ,    31,        405, 146,              90, trackA8   ,          4852,           18586,          14961,              73,              1,  13326.248117000001   , MaxsatRc2  , 13.108051493, ok              ,  13.321990916,     27,                       283,           47, 146
0.03761019399999999  ,  4.32360097323601  , 20.049999237060547,                    2616,        33,   43, InfiniteSteps180,          ,                 ,    32,        247,  43,              18, trackA9   ,           416,            3554,           2432,              43,              1,     77.561189         , MaxsatRc2  , 0.038374995 , ok              ,   0.075984289,     20,                       100,          102,  43
0.010785998          ,  2.5401574803149605, 18.176469802856445,                    1632,        33,   33, InfiniteSteps180,          ,                 ,    33,         80,  33,              13, trackA10  ,           134,            1613,            873,              19,              1,     14.471798         , MaxsatRc2  , 0.0019021   , ok              ,   0.012687198,     17,                        33,           28,  33
                     ,                    ,                   ,                        ,          ,     , infsteps180     ,       124, external_timeout,    34,           ,    ,                , trackA11  ,              ,                ,               ,                ,               , 120253                , maxsat_rc2 ,             , external_timeout, 120.253      ,       ,                          ,             ,    
                     ,                    ,                   ,                        ,          ,     , infsteps180     ,       124, external_timeout,    35,           ,    ,                , trackA12  ,              ,                ,               ,                ,               , 120253                , maxsat_rc2 ,             , external_timeout, 120.253      ,       ,                          ,             ,    
0.0173942            ,  3.0856697819314642, 17.33333396911621 ,                    2022,        25,   14, InfiniteSteps180,          ,                 ,    36,        148,  14,              18, trackB1   ,           200,            1981,           1207,              14,              1,     32.103899999999996, MaxsatRc2  , 0.0131759   , ok              ,   0.030569   ,     18,                        53,           79,  14
0.0049702            ,  1.8823529411764706, 14.800000190734863,                      87,        25,   26, InfiniteSteps180,          ,                 ,    37,         47,  26,               6, trackB2   ,            20,             288,            118,               9,              1,      6.2106           , MaxsatRc2  , 0.0001852   , ok              ,   0.0051547  ,      5,                         5,           33,  26
0.0089903            ,  2.7514450867052025, 16.799999237060547,                     136,        20,    4, InfiniteSteps180,          ,                 ,    38,         67,   4,              10, trackB3   ,            50,             476,            262,               4,              1,     11.205100000000002, MaxsatRc2  , 0.000454    , ok              ,   0.0094432  ,      5,                        17,           46,   4
0.027403699999999996 ,  4.621580547112462 , 15.949999809265137,                    2246,        25,  341, InfiniteSteps180,          ,                 ,    39,        172, 341,              25, trackB4   ,           386,            3041,           2112,              22,              1,     84.3914           , MaxsatRc2  , 0.0556974   , ok              ,   0.0831002  ,     20,                        90,           58, 341
0.0059157            ,  3.879781420765027 , 17.799999237060547,                     136,        25,   11, InfiniteSteps180,          ,                 ,    40,         92,  11,              12, trackB5   ,            84,             710,            473,              11,              1,      8.185599999999999, MaxsatRc2  , 0.001399    , ok              ,   0.007314   ,      5,                        32,           49,  11
0.0049874            ,  1.5923566878980893, 15.199999809265137,                      93,        25,    2, InfiniteSteps180,          ,                 ,    41,         40,   2,               4, trackB6   ,             8,             250,             87,               2,              1,      6.0925           , MaxsatRc2  , 0.0001023   , ok              ,   0.0050889  ,      5,                         1,           37,   2
0.032605             ,  4.156084656084656 , 15.25             ,                    2865,        25,  318, InfiniteSteps180,          ,                 ,    42,        147, 318,              21, trackB7   ,           390,            3142,           2097,              24,              1,     91.999            , MaxsatRc2  , 0.0573595   , ok              ,   0.0899636  ,     24,                        83,           38, 318
0.0056654            ,  3.1079136690647484, 13.399999618530273,                      72,        25,   12, InfiniteSteps180,          ,                 ,    43,        105,  12,               9, trackB8   ,            40,             432,            259,              12,              3,      7.5911           , MaxsatRc2  , 0.000968    , ok              ,   0.0066329  ,      5,                        14,           77,  12
0.0070521            ,  4.238578680203045 , 13.571428298950195,                     150,        25,   51, InfiniteSteps180,          ,                 ,    44,         70,  51,              13, trackB9   ,           106,             835,            557,              10,              1,      9.317499999999999, MaxsatRc2  , 0.0012338   , ok              ,   0.0082848  ,      7,                        37,           23,  51
0.0045832            ,  1.320855614973262 , 12.857142448425293,                     126,        25,   41, InfiniteSteps180,          ,                 ,    45,         22,  41,               4, trackB10  ,            10,             247,             52,               6,              1,      5.5093           , MaxsatRc2  , 3.94e-05    , ok              ,   0.0046209  ,      7,                         2,           14,  41
0.029992900000000003 ,  3.9157232704402514, 15.399999618530273,                    3202,        25,  391, InfiniteSteps180,          ,                 ,    46,        165, 391,              20, trackB11  ,           346,            3113,           2060,              26,              1,     87.7843           , MaxsatRc2  , 0.0562743   , ok              ,   0.0862665  ,     25,                        70,           67, 391
0.017403400000000006 ,  3.5982905982905984, 16.214284896850586,                     970,        25,   88, InfiniteSteps180,          ,                 ,    47,        140,  88,              23, trackB12  ,           296,            1684,           1014,              41,              1,     74.28070000000001 , MaxsatRc2  , 0.0556881   , ok              ,   0.0730906  ,     14,                        66,           33,  88
0.10244619999999999  ,  6.061142397425583 , 20.931034088134766,                    5915,        33,   81, InfiniteSteps180,          ,                 ,    48,        256,  81,              24, stationA1 ,           960,            7534,           5598,              46,              1,    471.81240099999997 , MaxsatRc2  , 0.366530201 , ok              ,   0.468975601,     29,                       140,           68,  81
0.05657710100000002  ,  5.6461538461538465, 19.0              ,                    3735,        33,   59, InfiniteSteps180,          ,                 ,    49,        211,  59,              27, stationA2 ,           818,            5505,           3973,              59,              2,    289.06450099999995 , MaxsatRc2  , 0.2306244   , ok              ,   0.287200601,     25,                       110,           39,  59
0.04463429999999999  ,  5.092896174863388 , 22.375            ,                    2061,        33,   26, InfiniteSteps180,          ,                 ,    50,        263,  26,              18, stationA3 ,           362,            3728,           2731,              26,              1,    120.469201         , MaxsatRc2  , 0.073532701 , ok              ,   0.118166101,     16,                       106,          129,  26
0.013663499999999999 ,  3.056159420289855 , 19.214284896850586,                    1175,        33,   22, InfiniteSteps180,          ,                 ,    51,        112,  22,              12, stationA4 ,           144,            1687,           1026,              22,              1,     19.4964           , MaxsatRc2  , 0.0042131   , ok              ,   0.0178755  ,     14,                        42,           46,  22
0.010843             ,  3.3966244725738397, 19.25             ,                     876,        33,   23, InfiniteSteps180,          ,                 ,    52,        109,  23,              13, stationA5 ,           134,            1610,           1031,              23,              1,     15.4521           , MaxsatRc2  , 0.0034109   , ok              ,   0.014253   ,     12,                        46,           40,  23
0.0065408            ,  1.630718954248366 , 18.625            ,                     307,        33,   15, InfiniteSteps180,          ,                 ,    53,         53,  15,               5, stationA6 ,            16,             499,            180,              15,              1,      7.8615           , MaxsatRc2  , 0.0002303   , ok              ,   0.0067703  ,      8,                         4,           34,  15
0.0081546            ,  3.0619047619047617, 12.625            ,                     126,        33,   16, InfiniteSteps180,          ,                 ,    54,        135,  16,               9, stationA7 ,            30,             643,            409,              16,              1,     11.0601           , MaxsatRc2  , 0.0018003   , ok              ,   0.0099535  ,      8,                        10,          109,  16
0.3450100969999994   , 23.49682107175295  , 19.88888931274414 ,                    4862,        33,  161, InfiniteSteps180,          ,                 ,    55,        538, 161,             126, stationA8 ,          7614,           25870,          20971,              87,              2,  92129.28460700001    , MaxsatRc2  , 91.77938101 , ok              ,  92.124390007,     27,                       415,           33, 161
0.04279390000000001  ,  4.62043795620438  , 20.049999237060547,                    2616,        33,   49, InfiniteSteps180,          ,                 ,    56,        193,  49,              23, stationA9 ,           456,            3798,           2660,              49,              1,    107.47510100000001 , MaxsatRc2  , 0.062536101 , ok              ,   0.105328701,     20,                        98,           44,  49
0.020076300999999998 ,  3.0125984251968503, 18.176469802856445,                    1632,        33,   41, InfiniteSteps180,          ,                 ,    57,        130,  41,              19, stationA10,           186,            1913,           1151,              27,              1,     32.737001         , MaxsatRc2  , 0.0111094   , ok              ,   0.031184601,     17,                        51,           50,  41
                     ,                    ,                   ,                        ,          ,     , infsteps180     ,       124, external_timeout,    58,           ,    ,                , stationA11,              ,                ,               ,                ,               , 120234                , maxsat_rc2 ,             , external_timeout, 120.234      ,       ,                          ,             ,    
                     ,                    ,                   ,                        ,          ,     , infsteps180     ,       124, external_timeout,    59,           ,    ,                , stationA12,              ,                ,               ,                ,               , 120229                , maxsat_rc2 ,             , external_timeout, 120.229      ,       ,                          ,             ,    
0.0176838            ,  3.7196261682242993, 17.33333396911621 ,                    2022,        25,   30, InfiniteSteps180,          ,                 ,    60,        134,  30,              13, stationB1 ,           228,            2388,           1577,              30,              1,     40.96             , MaxsatRc2  , 0.0214077   , ok              ,   0.0390905  ,     18,                        53,           49,  30
0.0050028            ,  1.8888888888888888, 14.800000190734863,                      87,        25,   29, InfiniteSteps180,          ,                 ,    61,         50,  29,               6, stationB2 ,            20,             289,            119,              12,              1,      6.259200000000001, MaxsatRc2  , 0.0002563   , ok              ,   0.0052585  ,      5,                         4,           34,  29
0.0056811            ,  2.8092485549132946, 16.799999237060547,                     136,        20,    6, InfiniteSteps180,          ,                 ,    62,         64,   6,               8, stationB3 ,            34,             486,            285,               6,              1,      7.245            , MaxsatRc2  , 0.000491    , ok              ,   0.0061714  ,      5,                        12,           46,   6
0.027489399999999997 ,  4.439209726443769 , 15.949999809265137,                    2246,        25,  355, InfiniteSteps180,          ,                 ,    63,        179, 355,              18, stationB4 ,           326,            2921,           2032,              34,              1,     74.947801         , MaxsatRc2  , 0.046273601 , ok              ,   0.073762201,     20,                        73,           70, 355
0.0074672            ,  4.366120218579235 , 17.799999237060547,                     136,        25,   10, InfiniteSteps180,          ,                 ,    64,         91,  10,              17, stationB5 ,            92,             799,            566,              10,              1,     10.4545           , MaxsatRc2  , 0.0019938   , ok              ,   0.0094602  ,      5,                        38,           43,  10
0.005553000000000001 ,  1.9235668789808917, 15.199999809265137,                      93,        25,    5, InfiniteSteps180,          ,                 ,    65,         43,   5,               4, stationB6 ,            12,             302,            136,               5,              1,      6.916399999999999, MaxsatRc2  , 0.0001359   , ok              ,   0.005688   ,      5,                         3,           35,   5
0.03891760100000001  ,  5.091269841269841 , 15.25             ,                    2865,        25,  339, InfiniteSteps180,          ,                 ,    66,        197, 339,              18, stationB7 ,           454,            3849,           2802,              42,              1,    155.062901         , MaxsatRc2  , 0.1142072   , ok              ,   0.153124001,     24,                        89,           64, 339
0.0063356            ,  2.4748201438848922, 13.399999618530273,                      72,        25,   16, InfiniteSteps180,          ,                 ,    67,         97,  16,               7, stationB8 ,            26,             344,            184,              16,              1,      7.9495           , MaxsatRc2  , 0.0005918   , ok              ,   0.0069267  ,      5,                         9,           72,  16
0.006985900999999999 ,  3.5786802030456855, 13.571428298950195,                     150,        25,   70, InfiniteSteps180,          ,                 ,    68,         74,  70,               9, stationB9 ,            82,             705,            445,              16,              1,      9.451401         , MaxsatRc2  , 0.0010004   , ok              ,   0.007985601,      7,                        30,           28,  70
0.004829099999999999 ,  1.5401069518716577, 12.857142448425293,                     126,        25,   53, InfiniteSteps180,          ,                 ,    69,         49,  53,               4, stationB10,            12,             288,             91,              11,              1,      6.0424           , MaxsatRc2  , 0.000134    , ok              ,   0.0049608  ,      7,                         3,           35,  53
0.04395940000000001  ,  4.8125786163522015, 15.399999618530273,                    3202,        25,  415, InfiniteSteps180,          ,                 ,    70,        191, 415,              21, stationB11,           514,            3826,           2726,              46,              1,    140.579801         , MaxsatRc2  , 0.095303201 , ok              ,   0.139261901,     25,                       105,           38, 415
0.015239401          ,  3.9615384615384617, 16.214284896850586,                     970,        25,   98, InfiniteSteps180,          ,                 ,    71,        142,  98,              24, stationB12,           332,            1854,           1186,              63,              1,     67.723801         , MaxsatRc2  , 0.051314    , ok              ,   0.066552501,     14,                        50,           27,  98
