algorithm_time       , avg_time_points    , avg_tracks        , conflicting_visit_pairs, conflicts, cost, delay_cost_type, index, iterations, lb, max_time_points, name      , num_conflicts, num_time_points, num_traveltime, objective_iters, resource_iters, sol_time            , solver_name, solver_time, status, total_time , trains, travel_and_resource_iters, travel_iters, ub
0.013586101          ,  1.5253419147224456, 20.931034088134766,                    5915,        33,   11, FiniteSteps123 ,     0,        127, 11,               7, origA1    ,            62,            1896,            601,              11,              1,  18.216802          , MaxsatRc2  , 0.002168401, ok    , 0.015753802,     29,                        24,           90, 11
0.018089903          ,  1.7282051282051283, 19.0              ,                    3735,        33,   25, FiniteSteps123 ,     1,        134, 25,               7, origA2    ,            84,            1685,            638,              25,              1,  23.002303          , MaxsatRc2  , 0.0028628  , ok    , 0.020951803,     25,                        26,           81, 25
0.010716101999999998 ,  1.860655737704918 , 22.375            ,                    2061,        33,   10, FiniteSteps123 ,     2,        114, 10,               8, origA3    ,            56,            1362,            583,              10,              1,  14.018302          , MaxsatRc2  , 0.0018573  , ok    , 0.012572502,     16,                        21,           81, 10
0.011862901          ,  1.9474637681159421, 19.214284896850586,                    1175,        33,   17, FiniteSteps123 ,     3,        135, 17,               6, origA4    ,            42,            1075,            486,              17,              1,  14.923202          , MaxsatRc2  , 0.0018122  , ok    , 0.013674301,     14,                        15,          103, 17
0.0065547            ,  1.5717299578059072, 19.25             ,                     876,        33,   15, FiniteSteps123 ,     4,         73, 15,               4, origA5    ,            22,             745,            253,              15,              1,   7.969002          , MaxsatRc2  , 0.000402701, ok    , 0.006956601,     12,                         6,           52, 15
0.0068960010000000006,  1.5588235294117647, 18.625            ,                     307,        33,   10, FiniteSteps123 ,     5,         59, 10,               4, origA6    ,            12,             477,            161,              10,              1,   8.575800999999998 , MaxsatRc2  , 0.0002238  , ok    , 0.007119001,      8,                         3,           46, 10
0.004795499999999999 ,  1.0476190476190477, 12.625            ,                     126,        33,   10, FiniteSteps123 ,     6,         12, 10,               2, origA7    ,            10,             220,              0,              10,              1,   5.884             , MaxsatRc2  , 2.04e-05   , ok    , 0.0048152  ,      8,                         0,            0, 10
0.040819205000000004 ,  3.3731884057971016, 19.214284896850586,                    4877,        33,   31, FiniteSteps123 ,     7,        197, 31,              21, origA8    ,           456,            3724,           2314,              31,              1,  60.991907999999995 , MaxsatRc2  , 0.018072103, ok    , 0.058890408,     28,                        90,           74, 31
0.011721202          ,  2.192214111922141 , 20.049999237060547,                    2616,        33,   18, FiniteSteps123 ,     8,        106, 18,              10, origA9    ,           136,            1802,            868,              18,              1,  15.693102          , MaxsatRc2  , 0.0020766  , ok    , 0.013796902,     20,                        45,           41, 18
0.012649502          ,  2.4913385826771655, 18.176469802856445,                    1632,        33,   17, FiniteSteps123 ,     9,        143, 17,              14, origA10   ,           112,            1582,            863,              17,              2,  17.507901999999998 , MaxsatRc2  , 0.0034936  , ok    , 0.016142502,     17,                        39,           84, 17
0.021171803000000003 ,  2.2647540983606556, 19.83333396911621 ,                    6162,        33,   23, FiniteSteps123 ,    10,        111, 23,              10, origA11   ,           204,            2763,           1364,              23,              1,  30.390004          , MaxsatRc2  , 0.007889201, ok    , 0.029060304,     30,                        56,           30, 23
0.027744703000000003 ,  2.5715434083601285, 21.714284896850586,                    6393,        33,   24, FiniteSteps123 ,    11,        140, 24,               9, origA12   ,           238,            3199,           1755,              24,              1,  42.235506          , MaxsatRc2  , 0.013069603, ok    , 0.040813406,     28,                        65,           49, 24
0.009371302          ,  1.1199376947040498, 17.33333396911621 ,                    2022,        25,    4, FiniteSteps123 ,    12,         39,  4,               4, origB1    ,             8,             719,             70,               4,              1,  11.208402          , MaxsatRc2  , 0.0001765  , ok    , 0.009546602,     18,                         2,           31,  4
0.008141302          ,  1.5163398692810457, 14.800000190734863,                      87,        25,    5, FiniteSteps123 ,    13,         53,  5,               4, origB2    ,             8,             232,             71,               5,              1,   9.836802          , MaxsatRc2  , 0.0002143  , ok    , 0.008354302,      5,                         3,           45,  5
0.0056001            ,  1.9190751445086704, 16.799999237060547,                     136,        20,    5, FiniteSteps123 ,    14,         42,  5,               6, origB3    ,            16,             332,            146,               5,              1,   6.8523000000000005, MaxsatRc2  , 0.0001405  , ok    , 0.0057399  ,      5,                         5,           32,  5
0.014901700999999998 ,  2.095744680851064 , 15.949999809265137,                    2246,        25,   16, FiniteSteps123 ,    15,        118, 16,              13, origB4    ,           158,            1379,            624,              16,              1,  20.315201000000002 , MaxsatRc2  , 0.0036345  , ok    , 0.018531901,     20,                        46,           56, 16
0.006629901          ,  1.3879781420765027, 17.799999237060547,                     136,        25,    2, FiniteSteps123 ,    16,         57,  2,               3, origB5    ,             6,             254,             65,               2,              1,   7.788601          , MaxsatRc2  , 0.0001232  , ok    , 0.006752201,      5,                         2,           51,  2
0.0038873000000000002,  1.0127388535031847, 15.199999809265137,                      93,        25,    2, FiniteSteps123 ,    17,          4,  2,               2, origB6    ,             2,             159,              0,               2,              1,   4.7589            , MaxsatRc2  , 1.12e-05   , ok    , 0.0038978  ,      5,                         0,            0,  2
0.012199101          ,  2.8796296296296298, 15.25             ,                    2865,        25,   25, FiniteSteps123 ,    18,         80, 25,              18, origB7    ,           360,            2177,           1342,              25,              1,  15.876201          , MaxsatRc2  , 0.0026045  , ok    , 0.014802901,     24,                        45,           10, 25
0.004136099999999999 ,  1.014388489208633 , 13.399999618530273,                      72,        25,    6, FiniteSteps123 ,    19,          8,  6,               2, origB8    ,             2,             141,              0,               6,              1,   5.1002            , MaxsatRc2  , 1.5e-05    , ok    , 0.0041499  ,      5,                         0,            0,  6
0.0055385            ,  2.5380710659898478, 13.571428298950195,                     150,        25,    7, FiniteSteps123 ,    20,         65,  7,               8, origB9    ,            30,             500,            278,               7,              1,   6.9253            , MaxsatRc2  , 0.0003596  , ok    , 0.0058973  ,      7,                         9,           49,  7
0.005145             ,  2.5894736842105264, 11.375            ,                     130,        25,   10, FiniteSteps123 ,    21,         55, 10,               8, origB10   ,            38,             492,            271,              10,              1,   6.3533            , MaxsatRc2  , 0.0003025  , ok    , 0.0054469  ,      8,                        12,           33, 10
0.013593701000000001 ,  2.720754716981132 , 15.399999618530273,                    3202,        25,   23, FiniteSteps123 ,    22,        109, 23,              28, origB11   ,           610,            2163,           1269,              23,              1,  19.711301          , MaxsatRc2  , 0.0044613  , ok    , 0.018054301,     25,                        75,           11, 23
0.0055861            ,  1.5576923076923077, 16.214284896850586,                     970,        25,    6, FiniteSteps123 ,    23,         54,  6,               7, origB12   ,            40,             729,            223,               6,              1,   6.738801          , MaxsatRc2  , 0.0002503  , ok    , 0.0058357  ,     14,                        16,           32,  6
0.062810604          ,  3.838294448913918 , 20.931034088134766,                    5915,        33,   23, FiniteSteps123 ,    24,        162, 23,              25, trackA1   ,           538,            4771,           3134,              23,              1, 124.43440799999999  , MaxsatRc2  , 0.060020404, ok    , 0.122830108,     29,                        90,           47, 23
0.037839703          ,  4.09025641025641  , 19.0              ,                    3735,        33,   33, FiniteSteps123 ,    25,        206, 33,              19, trackA2   ,           412,            3988,           2703,              33,              2,  82.92440500000001  , MaxsatRc2  , 0.043598102, ok    , 0.081437105,     25,                        86,           84, 33
0.030654602          ,  4.020491803278689 , 22.375            ,                    2061,        33,   15, FiniteSteps123 ,    26,        218, 15,              16, trackA3   ,           242,            2943,           2027,              15,              1,  55.677603          , MaxsatRc2  , 0.023036301, ok    , 0.053690103,     16,                        64,          137, 15
0.012450201          ,  2.681159420289855 , 19.214284896850586,                    1175,        33,   15, FiniteSteps123 ,    27,        109, 15,              11, trackA4   ,            98,            1480,            850,              15,              2,  17.170201          , MaxsatRc2  , 0.0031877  , ok    , 0.015637301,     14,                        24,           67, 15
0.008172500999999999 ,  1.9978902953586497, 19.25             ,                     876,        33,   12, FiniteSteps123 ,    28,         60, 12,               9, trackA5   ,            62,             947,            429,              12,              1,   9.888501          , MaxsatRc2  , 0.0006548  , ok    , 0.008826101,     12,                        18,           30, 12
0.0057967            ,  1.7189542483660132, 18.625            ,                     307,        33,    8, FiniteSteps123 ,    29,         50,  8,               7, trackA6   ,            26,             526,            200,               8,              1,   7.145900999999999 , MaxsatRc2  , 0.0002833  , ok    , 0.0060789  ,      8,                         7,           35,  8
0.007146100000000001 ,  1.8904761904761904, 12.625            ,                     126,        33,    8, FiniteSteps123 ,    30,         41,  8,               5, trackA7   ,            20,             397,            173,               8,              1,   8.5422            , MaxsatRc2  , 0.0002228  , ok    , 0.0073667  ,      8,                         4,           29,  8
0.072221006          ,  8.054495912806539 , 19.88888931274414 ,                    4862,        33,   34, FiniteSteps123 ,    31,        163, 34,              49, trackA8   ,          1926,            8868,           6554,              34,              1, 198.71711200000001  , MaxsatRc2  , 0.123761806, ok    , 0.195982012,     27,                       122,            5, 34
0.026163002000000005 ,  3.32360097323601  , 20.049999237060547,                    2616,        33,   25, FiniteSteps123 ,    32,        148, 25,              18, trackA9   ,           274,            2732,           1704,              25,              2,  38.142602          , MaxsatRc2  , 0.0103804  , ok    , 0.036542602,     20,                        64,           56, 25
0.009909101          ,  2.2393700787401576, 18.176469802856445,                    1632,        33,   17, FiniteSteps123 ,    33,         63, 17,              13, trackA10  ,           130,            1422,            691,              17,              1,  13.075501          , MaxsatRc2  , 0.0011196  , ok    , 0.011027901,     17,                        30,           16, 17
0.07319629999999999  ,  8.622843056696796 , 20.482759475708008,                    6144,        33,   33, FiniteSteps123 ,    34,        197, 33,              68, trackA11  ,          2232,           10494,           7895,              33,              1, 321.0841            , MaxsatRc2  , 0.245269399, ok    , 0.318464699,     29,                       139,           25, 33
0.09267459           , 10.360932475884244 , 21.714284896850586,                    6393,        33,   36, FiniteSteps123 ,    35,        201, 36,              83, trackA12  ,          3162,           12889,           9825,              36,              1, 274.937878          , MaxsatRc2  , 0.179395588, ok    , 0.272069178,     28,                       155,            8, 36
0.012039999000000001 ,  2.397196261682243 , 17.33333396911621 ,                    2022,        25,   13, FiniteSteps123 ,    36,         93, 13,               7, trackB1   ,            92,            1539,            828,              13,              1,  15.891899          , MaxsatRc2  , 0.0025442  , ok    , 0.014582999,     18,                        21,           59, 13
0.005570098999999999 ,  1.7189542483660132, 14.800000190734863,                      87,        25,    5, FiniteSteps123 ,    37,         43,  5,               4, trackB2   ,            16,             263,             97,               5,              1,   6.702199          , MaxsatRc2  , 0.0001549  , ok    , 0.005723499,      5,                         3,           35,  5
0.006147399          ,  2.7167630057803467, 16.799999237060547,                     136,        20,    4, FiniteSteps123 ,    38,         67,  4,               9, trackB3   ,            44,             470,            263,               4,              1,   7.731199          , MaxsatRc2  , 0.0005275  , ok    , 0.006673999,      5,                        16,           47,  4
0.015229997999999998 ,  3.2796352583586628, 15.949999809265137,                    2246,        25,   19, FiniteSteps123 ,    39,        102, 19,              17, trackB4   ,           254,            2158,           1311,              19,              1,  22.620198000000002 , MaxsatRc2  , 0.006259   , ok    , 0.021488198,     20,                        56,           25, 19
0.019549599          ,  3.9344262295081966, 17.799999237060547,                     136,        25,    7, FiniteSteps123 ,    40,         75,  7,              12, trackB5   ,            68,             720,            490,               7,              1,  24.041399000000002 , MaxsatRc2  , 0.0017515  , ok    , 0.021299599,      5,                        25,           41,  7
0.0045531999999999994,  1.5923566878980893, 15.199999809265137,                      93,        25,    2, FiniteSteps123 ,    41,         40,  2,               4, trackB6   ,             8,             250,             87,               2,              1,   5.5887            , MaxsatRc2  , 0.0001019  , ok    , 0.0046543  ,      5,                         1,           37,  2
0.014544699          ,  3.388888888888889 , 15.25             ,                    2865,        25,   27, FiniteSteps123 ,    42,        107, 27,              17, trackB7   ,           298,            2562,           1573,              27,              1,  24.019998          , MaxsatRc2  , 0.0079219  , ok    , 0.022465699,     24,                        63,           15, 27
0.006032899          ,  2.856115107913669 , 13.399999618530273,                      72,        25,    8, FiniteSteps123 ,    43,         98,  8,               7, trackB8   ,            24,             397,            236,               8,              1,   7.6658990000000005, MaxsatRc2  , 0.0006371  , ok    , 0.006669299,      5,                         9,           79,  8
0.0060684            ,  3.4923857868020303, 13.571428298950195,                     150,        25,    9, FiniteSteps123 ,    44,         70,  9,              12, trackB9   ,            92,             688,            422,               9,              1,   8.2324            , MaxsatRc2  , 0.0009802  , ok    , 0.0070453  ,      7,                        33,           26,  9
0.0042902999999999995,  1.320855614973262 , 12.857142448425293,                     126,        25,    8, FiniteSteps123 ,    45,         24,  8,               4, trackB10  ,            10,             247,             52,               8,              1,   5.2366            , MaxsatRc2  , 4.99e-05   , ok    , 0.0043381  ,      7,                         2,           14,  8
0.027650899          ,  3.470440251572327 , 15.399999618530273,                    3202,        25,   31, FiniteSteps123 ,    46,        157, 31,              14, trackB11  ,           316,            2759,           1725,              31,              1,  49.198996          , MaxsatRc2  , 0.019477598, ok    , 0.047127397,     25,                        63,           61, 31
0.0090194            ,  3.0876068376068377, 16.214284896850586,                     970,        25,   16, FiniteSteps123 ,    47,         82, 16,              20, trackB12  ,           184,            1445,            852,              16,              1,  12.261199000000001 , MaxsatRc2  , 0.0022252  , ok    , 0.0112439  ,     14,                        45,           19, 16
0.07781149200000001  ,  5.080450522928399 , 20.931034088134766,                    5915,        33,   37, FiniteSteps123 ,    48,        203, 37,              19, stationA1 ,           788,            6315,           4505,              37,              1, 237.190981          , MaxsatRc2  , 0.157354089, ok    , 0.235164681,     29,                       116,           48, 37
0.041864697000000006 ,  4.515897435897436 , 19.0              ,                    3735,        33,   40, FiniteSteps123 ,    49,        170, 40,              21, stationA2 ,           528,            4403,           3040,              40,              1,  72.794094          , MaxsatRc2  , 0.029222997, ok    , 0.071086794,     25,                        90,           38, 40
0.019079599000000003 ,  3.300546448087432 , 22.375            ,                    2061,        33,   19, FiniteSteps123 ,    50,        116, 19,              11, stationA3 ,           192,            2416,           1530,              19,              1,  28.991898          , MaxsatRc2  , 0.008516399, ok    , 0.027595298,     16,                        49,           46, 19
0.018671899          ,  3.0579710144927534, 19.214284896850586,                    1175,        33,   17, FiniteSteps123 ,    51,        154, 17,              14, stationA4 ,           128,            1688,           1036,              17,              2,  26.533898          , MaxsatRc2  , 0.006305899, ok    , 0.024976898,     14,                        39,           95, 17
0.010202698999999999 ,  2.9472573839662446, 19.25             ,                     876,        33,   16, FiniteSteps123 ,    52,        100, 16,              14, stationA5 ,           112,            1397,            846,              16,              1,  14.398999000000002 , MaxsatRc2  , 0.0028602  , ok    , 0.013061899,     12,                        33,           49, 16
0.006417299          ,  1.6143790849673203, 18.625            ,                     307,        33,   10, FiniteSteps123 ,    53,         48, 10,               5, stationA6 ,            16,             494,            175,              10,              1,   7.971499          , MaxsatRc2  , 0.0002079  , ok    , 0.006624399,      8,                         4,           34, 10
0.005430401          ,  1.9952380952380953, 12.625            ,                     126,        33,   12, FiniteSteps123 ,    54,         50, 12,               5, stationA7 ,            22,             419,            192,              12,              1,   6.657901          , MaxsatRc2  , 0.0002204  , ok    , 0.005650001,      8,                         6,           32, 12
0.05460780900000001  ,  8.381471389645776 , 19.88888931274414 ,                    4862,        33,   43, FiniteSteps123 ,    55,        193, 43,              45, stationA8 ,          1900,            9228,           6865,              43,              1, 142.502127          , MaxsatRc2  , 0.085386918, ok    , 0.139994027,     27,                       118,           30, 43
0.028220403999999998 ,  3.7068126520681264, 20.049999237060547,                    2616,        33,   27, FiniteSteps123 ,    56,        172, 27,              17, stationA9 ,           316,            3047,           2000,              27,              1,  42.902508999999995 , MaxsatRc2  , 0.013310003, ok    , 0.041529607,     20,                        66,           77, 27
0.013364102999999999 ,  2.730708661417323 , 18.176469802856445,                    1632,        33,   21, FiniteSteps123 ,    57,        100, 21,              13, stationA10,           168,            1734,            979,              21,              1,  18.199203          , MaxsatRc2  , 0.0032073  , ok    , 0.016570703,     17,                        43,           34, 21
0.06733261200000001  ,  9.119145439605587 , 20.482759475708008,                    6144,        33,   41, FiniteSteps123 ,    58,        178, 41,              84, stationA11,          2484,           11098,           8332,              41,              1, 258.226548          , MaxsatRc2  , 0.187286336, ok    , 0.254617848,     29,                       125,           10, 41
0.08561512099999999  , 10.52411575562701  , 21.714284896850586,                    6393,        33,   44, FiniteSteps123 ,    59,        190, 44,              85, stationA12,          3146,           13092,          10025,              44,              1, 332.314762          , MaxsatRc2  , 0.244477641, ok    , 0.330092062,     28,                       138,            6, 44
0.017539002999999997 ,  3.0046728971962615, 17.33333396911621 ,                    2022,        25,   19, FiniteSteps123 ,    60,        112, 19,               8, stationB1 ,           172,            1929,           1154,              19,              1,  25.408705          , MaxsatRc2  , 0.006172801, ok    , 0.023710904,     18,                        41,           50, 19
0.005590801          ,  1.738562091503268 , 14.800000190734863,                      87,        25,    7, FiniteSteps123 ,    61,         47,  7,               4, stationB2 ,            16,             266,            100,               7,              1,   6.869301          , MaxsatRc2  , 0.0002171  , ok    , 0.005807101,      5,                         3,           35,  7
0.005887801          ,  2.6184971098265897, 16.799999237060547,                     136,        20,    5, FiniteSteps123 ,    62,         56,  5,               7, stationB3 ,            30,             453,            255,               5,              1,   7.556801          , MaxsatRc2  , 0.000404   , ok    , 0.006290901,      5,                        10,           41,  5
0.018644804          ,  3.5030395136778116, 15.949999809265137,                    2246,        25,   31, FiniteSteps123 ,    63,        114, 31,              14, stationB4 ,           260,            2305,           1461,              31,              1,  25.861505          , MaxsatRc2  , 0.0059343  , ok    , 0.024578404,     20,                        49,           32, 31
0.006771501          ,  3.5737704918032787, 17.799999237060547,                     136,        25,    6, FiniteSteps123 ,    64,         61,  6,              12, stationB5 ,            66,             654,            428,               6,              1,   8.763002          , MaxsatRc2  , 0.000831701, ok    , 0.007601402,      5,                        26,           29,  6
0.005675601          ,  1.9235668789808917, 15.199999809265137,                      93,        25,    5, FiniteSteps123 ,    65,         43,  5,               4, stationB6 ,            12,             302,            136,               5,              1,   6.9057010000000005, MaxsatRc2  , 0.0001362  , ok    , 0.005810701,      5,                         3,           35,  5
0.03715310799999999  ,  4.535714285714286 , 15.25             ,                    2865,        25,   40, FiniteSteps123 ,    66,        178, 40,              16, stationB7 ,           374,            3429,           2416,              40,              1,  92.608917          , MaxsatRc2  , 0.053721109, ok    , 0.090873217,     24,                        66,           70, 40
0.005546601          ,  2.194244604316547 , 13.399999618530273,                      72,        25,   10, FiniteSteps123 ,    67,         58, 10,               5, stationB8 ,            14,             305,            154,              10,              1,   6.818401          , MaxsatRc2  , 0.0002405  , ok    , 0.005785801,      5,                         3,           45, 10
0.0053862            ,  2.8527918781725887, 13.571428298950195,                     150,        25,   11, FiniteSteps123 ,    68,         49, 11,               7, stationB9 ,            56,             562,            316,              11,              1,   6.9012020000000005, MaxsatRc2  , 0.000410201, ok    , 0.005795601,      7,                        18,           20, 11
0.0049759010000000005,  1.6844919786096257, 12.857142448425293,                     126,        25,   11, FiniteSteps123 ,    69,         55, 11,               5, stationB10,            14,             315,            116,              11,              1,   6.016901          , MaxsatRc2  , 0.0001617  , ok    , 0.005136901,      7,                         4,           40, 11
0.021176603000000002 ,  3.89937106918239  , 15.399999618530273,                    3202,        25,   44, FiniteSteps123 ,    70,        118, 44,              15, stationB11,           384,            3100,           2066,              44,              1,  37.955007          , MaxsatRc2  , 0.015216504, ok    , 0.036392307,     25,                        53,           19, 44
0.011210603          ,  3.5106837606837606, 16.214284896850586,                     970,        25,   19, FiniteSteps123 ,    71,        112, 19,              20, stationB12,           262,            1643,            993,              19,              1,  17.747304          , MaxsatRc2  , 0.0054384  , ok    , 0.016648203,     14,                        55,           36, 19
