algorithm_time,avg_time_points,avg_tracks,conflicting_visit_pairs,conflicts,cost,delay_cost_type,exit_code,external_status,index,iterations,lb,max_time_points,name,num_conflicts,num_time_points,num_traveltime,objective_iters,resource_iters,sol_time,solver_name,solver_time,status,total_time,trains,travel_and_resource_iters,travel_iters,ub
0.0260492,2.154465004022526,20.931034088134766,5915,33,5526,Continuous,,,0,231,5526,10,origA1,136,2678,1333,36,1,45.0621,MaxsatRc2,0.0172623,ok,0.0433104,29,52,141,5526
0.02378770099999998,2.275897435897436,19.0,3735,33,5804,Continuous,,,1,234,5804,17,origA2,172,2219,1107,113,1,137.64870100000002,MaxsatRc2,0.1116787,ok,0.135465501,25,57,62,5804
0.0220989,1.7677595628415301,22.375,2061,33,1329,Continuous,,,2,133,1329,7,origA3,44,1294,524,27,1,27.755900999999998,MaxsatRc2,0.003998901,ok,0.026096501,16,15,91,1329
0.0112526,1.9293478260869565,19.214284896850586,1175,33,2706,Continuous,,,3,98,2706,8,origA4,42,1065,477,25,1,15.3816,MaxsatRc2,0.0013389,ok,0.0125907,14,13,60,2706
0.0093211,1.9556962025316456,19.25,876,33,2634,Continuous,,,4,97,2634,8,origA5,32,927,425,15,1,11.564400000000001,MaxsatRc2,0.0011675,ok,0.0104877,12,11,71,2634
0.0072448,1.7352941176470589,18.625,307,33,2043,Continuous,,,5,90,2043,4,origA6,10,531,217,10,1,9.4785,MaxsatRc2,0.0004761,ok,0.0077201,8,2,78,2043
0.0062302,2.657142857142857,12.625,126,33,1918,Continuous,,,6,81,1918,9,origA7,24,558,330,12,1,7.743200000000001,MaxsatRc2,0.0005997,ok,0.0068292,8,7,62,1918
,,,,,,cont,124,external_timeout,7,,,,origA8,,,,,,120226,maxsat_rc2,,external_timeout,120.226,,,,
0.0243366,3.116788321167883,20.049999237060547,2616,33,6178,Continuous,,,8,242,6178,12,origA9,202,2562,1572,63,1,61.2645,MaxsatRc2,0.0349282,ok,0.0592636,20,72,105,6178
0.0167289,3.37007874015748,18.176469802856445,1632,33,4746,Continuous,,,9,194,4746,14,origA10,152,2140,1382,55,1,40.21,MaxsatRc2,0.0216387,ok,0.0383669,17,48,91,4746
0.037589599,3.5040983606557377,19.83333396911621,6162,33,3331,Continuous,,,10,209,3331,15,origA11,422,4275,2724,77,1,147.75839900000003,MaxsatRc2,0.1076307,ok,0.145216099,30,101,29,3331
0.09867639899999858,3.7258842443729905,21.714284896850586,6393,33,4247,Continuous,,,11,551,4247,13,origA12,408,4635,3068,369,1,34477.551906,MaxsatRc2,34.368748407,ok,34.467424006,28,97,85,4247
0.007924699,1.2523364485981308,17.33333396911621,2022,25,969,Continuous,,,12,95,969,4,origB1,10,804,153,6,1,10.133599,MaxsatRc2,0.0003969,ok,0.008316199,18,3,84,969
0.004580900000000001,1.5163398692810457,14.800000190734863,87,25,347,Continuous,,,13,52,347,4,origB2,8,232,71,4,1,5.5533,MaxsatRc2,9.35e-05,ok,0.0046737,5,3,45,347
0.0058594,2.491329479768786,16.799999237060547,136,20,629,Continuous,,,14,85,629,6,origB3,18,431,243,10,1,7.2293,MaxsatRc2,0.0004153,ok,0.0062741,5,6,69,629
0.011278299999999998,2.36322188449848,15.949999809265137,2246,25,53607,Continuous,,,15,120,53607,19,origB4,186,1555,809,21,1,19.227600000000002,MaxsatRc2,0.0062999,ok,0.0175775,20,43,54,53607
0.0049751,1.7978142076502732,17.799999237060547,136,25,288,Continuous,,,16,104,288,4,origB5,8,329,138,4,1,6.938899999999999,MaxsatRc2,0.0002729,ok,0.0052472,5,3,97,288
0.0051727000000000006,1.3184713375796178,15.199999809265137,93,25,176,Continuous,,,17,41,176,3,origB6,4,207,46,3,1,6.0494,MaxsatRc2,5.06e-05,ok,0.0052224,5,1,37,176
0.05543489999999984,3.705026455026455,15.25,2865,25,65828,Continuous,,,18,477,65828,34,origB7,662,2801,2002,350,1,7800.13716,MaxsatRc2,7.73963016,ok,7.79506396,24,93,34,65828
0.0044036,1.2877697841726619,13.399999618530273,72,25,676,Continuous,,,19,43,676,2,origB8,2,179,38,5,1,5.3834,MaxsatRc2,5.97e-05,ok,0.0044619,5,0,38,676
0.0068052,3.081218274111675,13.571428298950195,150,25,5967,Continuous,,,20,112,5967,11,origB9,36,607,383,19,1,9.2424,MaxsatRc2,0.0013608,ok,0.0081652,7,12,79,5967
0.0055897,2.7578947368421054,11.375,130,25,5747,Continuous,,,21,81,5747,8,origB10,34,524,306,17,1,7.197699999999999,MaxsatRc2,0.0005775,ok,0.0061652,8,11,53,5747
,,,,,,cont,124,external_timeout,22,,,,origB11,,,,,,120232,maxsat_rc2,,external_timeout,120.232,,,,
0.0065267,1.7072649572649572,16.214284896850586,970,25,918,Continuous,,,23,54,918,9,origB12,54,799,287,6,1,8.3367,MaxsatRc2,0.0002856,ok,0.0068116,14,19,29,918
0.06974350000000001,4.4625905068382945,20.931034088134766,5915,33,9621,Continuous,,,24,276,9621,18,trackA1,604,5547,3851,106,2,534.132103,MaxsatRc2,0.462154303,ok,0.531896903,29,109,58,9621
0.060341100000000036,4.16,19.0,3735,33,6859,Continuous,,,25,363,6859,17,trackA2,450,4056,2744,189,1,1084.5239,MaxsatRc2,1.0218099,ok,1.0821505,25,83,91,6859
0.034331799999999996,3.591530054644809,22.375,2061,33,2077,Continuous,,,26,273,2077,14,trackA3,220,2629,1732,104,1,283.395601,MaxsatRc2,0.246741101,ok,0.281072101,16,53,114,2077
0.0099508,2.3442028985507246,19.214284896850586,1175,33,2069,Continuous,,,27,112,2069,10,trackA4,84,1294,677,14,1,13.6662,MaxsatRc2,0.0022336,ok,0.0121838,14,20,76,2069
0.016422800000000015,2.5274261603375527,19.25,876,33,2773,Continuous,,,28,243,2773,12,trackA5,86,1198,656,148,1,273.2246,MaxsatRc2,0.2548913,ok,0.2713134,12,28,67,2773
0.006688400000000001,2.395424836601307,18.625,307,33,1679,Continuous,,,29,101,1679,9,trackA6,50,733,383,13,1,8.8179,MaxsatRc2,0.0008923,ok,0.00758,8,20,66,1679
0.0066948,2.414285714285714,12.625,126,33,1393,Continuous,,,30,92,1393,7,trackA7,30,507,275,9,1,8.8612,MaxsatRc2,0.0007976,ok,0.0074915,8,8,75,1393
,,,,,,cont,124,external_timeout,31,,,,trackA8,,,,,,120226,maxsat_rc2,,external_timeout,120.226,,,,
0.03946319800000009,4.807785888077859,20.049999237060547,2616,33,6305,Continuous,,,32,343,6305,21,trackA9,440,3952,2799,174,1,679.378071,MaxsatRc2,0.637654573,ok,0.677117071,20,104,63,6305
0.017473698,2.869291338582677,18.176469802856445,1632,33,4812,Continuous,,,33,153,4812,14,trackA10,162,1822,1066,57,1,39.332498,MaxsatRc2,0.0198036,ok,0.037276598,17,42,54,4812
,,,,,,cont,124,external_timeout,34,,,,trackA11,,,,,,120234,maxsat_rc2,,external_timeout,120.234,,,,
,,,,,,cont,124,external_timeout,35,,,,trackA12,,,,,,120153,maxsat_rc2,,external_timeout,120.153,,,,
0.0132672,3.0576323987538943,17.33333396911621,2022,25,1507,Continuous,,,36,130,1507,17,trackB1,186,1963,1199,51,1,28.259900000000002,MaxsatRc2,0.0139354,ok,0.027202,18,46,33,1507
0.0056218,1.9673202614379084,14.800000190734863,87,25,4404,Continuous,,,37,57,4404,7,trackB2,22,301,129,7,2,7.0866,MaxsatRc2,0.0002935,ok,0.0059142,5,5,44,4404
0.0107587,2.878612716763006,16.799999237060547,136,20,596,Continuous,,,38,70,596,8,trackB3,58,498,276,6,1,13.382700000000002,MaxsatRc2,0.0006662,ok,0.0114243,5,22,42,596
,,,,,,cont,124,external_timeout,39,,,,trackB4,,,,,,120226,maxsat_rc2,,external_timeout,120.226,,,,
0.008265899,4.295081967213115,17.799999237060547,136,25,1662,Continuous,,,40,100,1662,11,trackB5,90,786,538,19,1,11.647599,MaxsatRc2,0.0022792,ok,0.010544499,5,34,45,1662
0.004400899,1.7006369426751593,15.199999809265137,93,25,209,Continuous,,,41,49,209,4,trackB6,8,267,104,3,1,5.450599,MaxsatRc2,0.0001227,ok,0.004522799,5,1,45,209
0.03376029999999999,3.882275132275132,15.25,2865,25,56119,Continuous,,,42,248,56119,19,trackB7,334,2935,1934,108,1,273.79339699999997,MaxsatRc2,0.238681897,ok,0.272441397,24,75,65,56119
0.0066126,3.20863309352518,13.399999618530273,72,25,1906,Continuous,,,43,142,1906,11,trackB8,40,446,273,39,1,10.4542,MaxsatRc2,0.0028675,ok,0.0094795,5,16,87,1906
0.009168,4.761421319796955,13.571428298950195,150,25,8593,Continuous,,,44,142,8593,14,trackB9,106,938,662,47,1,17.1959,MaxsatRc2,0.0069838,ok,0.0161512,7,36,59,8593
0.009530499999999999,1.5614973262032086,12.857142448425293,126,25,6912,Continuous,,,45,45,6912,4,trackB10,10,292,97,7,1,11.3278,MaxsatRc2,0.0002354,ok,0.0097647,7,2,36,6912
0.030599299000000024,3.8452830188679243,15.399999618530273,3202,25,68844,Continuous,,,46,201,68844,22,trackB11,386,3057,2057,86,1,180.696198,MaxsatRc2,0.148517199,ok,0.179115898,25,75,40,68844
,,,,,,cont,124,external_timeout,47,,,,trackB12,,,,,,120236,maxsat_rc2,,external_timeout,120.236,,,,
,,,,,,cont,124,external_timeout,48,,,,stationA1,,,,,,120212,maxsat_rc2,,external_timeout,120.212,,,,
,,,,,,cont,124,external_timeout,49,,,,stationA2,,,,,,120237,maxsat_rc2,,external_timeout,120.237,,,,
,,,,,,cont,124,external_timeout,50,,,,stationA3,,,,,,120227,maxsat_rc2,,external_timeout,120.227,,,,
0.0310055,3.7644927536231885,19.214284896850586,1175,33,3122,Continuous,,,51,202,3122,17,stationA4,166,2078,1401,62,1,85.797401,MaxsatRc2,0.052874501,ok,0.083879201,14,53,87,3122
0.020259100000000085,3.7320675105485233,19.25,876,33,3306,Continuous,,,52,312,3306,19,stationA5,156,1769,1179,224,1,737.103503,MaxsatRc2,0.714764903,ok,0.735023003,12,53,35,3306
0.0093373,1.7712418300653594,18.625,307,33,2149,Continuous,,,53,59,2149,6,stationA6,20,542,220,9,1,11.1412,MaxsatRc2,0.0003249,ok,0.0096616,8,6,44,2149
0.0058623,2.7904761904761903,12.625,126,33,1762,Continuous,,,54,110,1762,8,stationA7,24,586,358,17,1,7.7289,MaxsatRc2,0.0009334,ok,0.006795,8,7,86,1762
,,,,,,cont,124,external_timeout,55,,,,stationA8,,,,,,120247,maxsat_rc2,,external_timeout,120.247,,,,
,,,,,,cont,124,external_timeout,56,,,,stationA9,,,,,,120231,maxsat_rc2,,external_timeout,120.231,,,,
0.060851300000000386,3.973228346456693,18.176469802856445,1632,33,6565,Continuous,,,57,535,6565,21,stationA10,274,2523,1696,381,2,6578.2530560000005,MaxsatRc2,6.512774456,ok,6.573624856,17,77,74,6565
,,,,,,cont,124,external_timeout,58,,,,stationA11,,,,,,120232,maxsat_rc2,,external_timeout,120.232,,,,
,,,,,,cont,124,external_timeout,59,,,,stationA12,,,,,,120242,maxsat_rc2,,external_timeout,120.242,,,,
0.12418699699999536,4.355140186915888,17.33333396911621,2022,25,4246,Continuous,,,60,633,4246,17,stationB1,252,2796,1960,472,1,87583.98364,MaxsatRc2,87.448976744,ok,87.573162841,18,59,102,4246
0.004718499,1.8888888888888888,14.800000190734863,87,25,4798,Continuous,,,61,46,4798,6,stationB2,20,289,119,8,1,5.787699,MaxsatRc2,0.0001723,ok,0.004889999,5,4,34,4798
0.005246499999999999,2.953757225433526,16.799999237060547,136,20,674,Continuous,,,62,72,674,7,stationB3,32,511,312,11,1,6.6793,MaxsatRc2,0.0005133,ok,0.0057591,5,11,50,674
0.055634399000000556,4.924012158054711,15.949999809265137,2246,25,62616,Continuous,,,63,512,62616,22,stationB4,408,3240,2315,390,1,8808.506792,MaxsatRc2,8.747103693,ok,8.802736992,20,88,32,62616
0.0076652,4.808743169398907,17.799999237060547,136,25,1485,Continuous,,,64,105,1485,20,stationB5,110,880,651,21,1,11.434800000000001,MaxsatRc2,0.0027926,ok,0.0104572,5,46,38,1485
0.004828299,1.9235668789808917,15.199999809265137,93,25,461,Continuous,,,65,43,461,4,stationB6,12,302,136,5,1,5.843799000000001,MaxsatRc2,0.0001198,ok,0.004947299,5,3,35,461
0.07706799800000042,5.208994708994709,15.25,2865,25,59333,Continuous,,,66,564,59333,24,stationB7,482,3938,2856,437,1,30983.083702,MaxsatRc2,30.898633103999998,ok,30.975700302,24,79,46,59333
0.005156699999999999,2.5179856115107913,13.399999618530273,72,25,2300,Continuous,,,67,92,2300,6,stationB8,22,350,192,11,1,6.5109,MaxsatRc2,0.00046,ok,0.005616,5,7,74,2300
0.005860701,3.218274111675127,13.571428298950195,150,25,12006,Continuous,,,68,76,12006,9,stationB9,82,634,374,17,1,7.6237010000000005,MaxsatRc2,0.0008405,ok,0.006700501,7,30,29,12006
0.0045588,1.5401069518716577,12.857142448425293,126,25,8761,Continuous,,,69,45,8761,4,stationB10,12,288,91,7,1,5.5899,MaxsatRc2,0.0001026,ok,0.0046592,7,3,35,8761
0.0685197009999996,4.679245283018868,15.399999618530273,3202,25,72973,Continuous,,,70,502,72973,17,stationB11,500,3720,2574,407,1,17701.361315,MaxsatRc2,17.625487814,ok,17.694005415,25,73,20,72973
,,,,,,cont,124,external_timeout,71,,,,stationB12,,,,,,120151,maxsat_rc2,,external_timeout,120.151,,,,
