Configuration,Objective,N,OK,Failed,Success,Mean solve (ms),Median solve (ms),Mean total (s),Mean cost,Optimal
RC2-Base,finsteps123,72,72,0,100.0,43.88751954166666,15.784651499999999,0.04239190415277778,17.569444444444443,72
RC2-Base,infsteps180,72,68,4,94.44444444444444,1601.0265669558826,14.961949,8.190797657569444,77.08823529411765,68
RC2-Base,cont,72,57,15,79.16666666666667,3489.4369340350877,13.382700000000002,27.80673625751389,10710.719298245614,57
RC2+B,finsteps123,72,72,0,100.0,43.62797759722222,16.481607000000004,0.04223541230555555,17.569444444444443,72
RC2+B,infsteps180,72,68,4,94.44444444444444,2126.8164267205884,31.285514499999998,8.683977607305556,77.08823529411765,68
RC2+B,cont,72,56,16,77.77777777777777,4207.106029910714,47.410495999999995,29.997033866444443,10826.160714285714,56
RC2+R,finsteps123,72,61,11,84.72222222222223,20.03862606557377,12.611801,0.09637842608333333,14.131147540983607,61
RC2+R,infsteps180,72,59,13,81.94444444444444,40.62603338983051,12.148401,7.148356523166667,61.779661016949156,59
RC2+R,cont,72,53,19,73.61111111111111,3921.008162509434,13.293699,33.112040548208334,7782.358490566037,53
RC2+B+R,finsteps123,72,61,11,84.72222222222223,74.97061660655737,43.887803000000005,0.2501822041111111,14.295081967213115,61
RC2+B+R,infsteps180,72,61,11,84.72222222222223,114.26502519672131,50.053796999999996,8.166176133430556,61.557377049180324,61
RC2+B+R,cont,72,50,22,69.44444444444444,3474.4301965,56.569993000000004,29.546956811583332,6650.32,50
