algorithm_time,avg_time_points,avg_tracks,conflicting_visit_pairs,conflicts,cost,delay_cost_type,index,iterations,lb,max_time_points,name,num_clauses_total,num_conflicts,num_time_points,num_traveltime,num_vars_total,objective_iters,resource_iters,sol_time,solver_name,solver_time,status,total_time,trains,travel_and_resource_iters,travel_iters,ub
0.213937167,2.148028962188254,20.931034088134766,5915,33,5526,Continuous,0,262,5526,10,origA1,4921,65,2670,1342,1771,36,1,285.037759,MaxSatDddLadderSc,0.064673393,ok,0.27860986,29,52,172,5526
0.18418847100000002,2.3333333333333335,19.0,3735,33,5804,Continuous,1,201,5804,19,origA2,6391,83,2275,1193,2550,76,1,457.435027,MaxSatDddLadderSc,0.268606556,ok,0.452794027,25,55,68,5804
0.13048428,1.7677595628415301,22.375,2061,33,1329,Continuous,2,133,1329,7,origA3,1873,22,1294,525,671,27,1,160.832673,MaxSatDddLadderSc,0.019335895,ok,0.149817475,16,15,91,1329
0.109012682,1.9293478260869565,19.214284896850586,1175,33,2706,Continuous,3,98,2706,8,origA4,1759,21,1065,478,637,25,1,128.114179,MaxSatDddLadderSc,0.010007698,ok,0.11901758,14,13,60,2706
0.040972391999999996,1.9683544303797469,19.25,876,33,2634,Continuous,4,104,2634,8,origA5,1482,16,933,434,517,15,1,51.096592,MaxSatDddLadderSc,0.004701,ok,0.045672292,12,11,76,2634
0.05161969,1.738562091503268,18.625,307,33,2043,Continuous,5,93,2043,4,origA6,744,5,532,219,261,10,1,65.75408900000001,MaxSatDddLadderSc,0.0048475,ok,0.05646569,8,2,79,2043
0.053544497,2.657142857142857,12.625,126,33,1918,Continuous,6,81,1918,9,origA7,1095,12,558,332,375,12,1,72.02599699999999,MaxSatDddLadderSc,0.0073294,ok,0.060870497,8,7,62,1918
0.41061249700000246,4.778079710144928,19.214284896850586,4877,33,,Continuous,7,668,22435,35,origA8,122545,423,5275,3762,41210,560,1,120622.77489,MaxSatDddLadderSc,120.189207892,timeout,120.599819589,28,102,5,24327
0.08056470399999999,3.1690997566909975,20.049999237060547,2616,33,6178,Continuous,8,246,6178,12,origA9,6400,103,2605,1654,2350,64,1,169.479409,MaxSatDddLadderSc,0.083978305,ok,0.164542409,20,70,110,6178
0.04873949999999999,3.3196850393700785,18.176469802856445,1632,33,4746,Continuous,9,213,4746,15,origA10,5081,79,2108,1357,1834,45,1,117.16080600000001,MaxSatDddLadderSc,0.065295105,ok,0.114033005,17,48,120,4746
0.1424362050000001,3.4204918032786886,19.83333396911621,6162,33,3331,Continuous,10,265,3331,13,origA11,24847,199,4173,2657,9383,136,1,1226.990161,MaxSatDddLadderSc,1.075674955,ok,1.2181104600000001,30,92,35,3331
0.36115310899999997,3.9734726688102895,21.714284896850586,6393,33,,Continuous,11,588,4213,14,origA12,127288,235,4943,3372,42202,416,1,120200.126727,MaxSatDddLadderSc,119.810392319,timeout,120.171544128,28,100,71,4247
0.07820249400000001,1.250778816199377,17.33333396911621,2022,25,969,Continuous,12,92,969,4,origB1,519,5,803,153,181,6,1,92.465694,MaxSatDddLadderSc,0.0038134,ok,0.082012394,18,3,83,969
0.016622699,1.5163398692810457,14.800000190734863,87,25,347,Continuous,13,52,347,4,origB2,251,4,232,72,86,4,1,22.121899,MaxSatDddLadderSc,0.0010003,ok,0.017621599,5,3,45,347
0.021946598,2.491329479768786,16.799999237060547,136,20,629,Continuous,14,85,629,6,origB3,836,9,431,244,293,10,1,29.585898,MaxSatDddLadderSc,0.0025315,ok,0.024476698,5,6,69,629
0.09559689499999999,2.411854103343465,15.949999809265137,2246,25,53607,Continuous,15,115,53607,19,origB4,3136,86,1587,875,1092,25,1,141.529291,MaxSatDddLadderSc,0.036160997,ok,0.131751492,20,39,49,53607
0.051360796,1.7978142076502732,17.799999237060547,136,25,288,Continuous,16,104,288,4,origB5,460,4,329,139,159,4,1,66.038595,MaxSatDddLadderSc,0.0039527,ok,0.055310896,5,3,97,288
0.0414344,1.3184713375796178,15.199999809265137,93,25,176,Continuous,17,41,176,3,origB6,159,2,207,47,54,3,1,57.0948,MaxSatDddLadderSc,0.0022561,ok,0.0436882,5,1,37,176
0.3564920029999996,4.232804232804233,15.25,2865,25,65828,Continuous,18,587,65828,44,origB7,67579,364,3200,2472,24124,430,2,75869.376554,MaxSatDddLadderSc,75.491722851,ok,75.848213654,24,115,41,65828
0.033467201,1.2877697841726619,13.399999618530273,72,25,676,Continuous,19,43,676,2,origB8,136,1,179,39,46,5,1,45.844901,MaxSatDddLadderSc,0.0018109,ok,0.035275301,5,0,38,676
0.051713300000000004,3.0761421319796955,13.571428298950195,150,25,5967,Continuous,20,109,5967,11,origB9,1398,18,606,385,502,19,1,72.2247,MaxSatDddLadderSc,0.0108646,ok,0.0625757,7,12,78,5967
0.0462429,2.7578947368421054,11.375,130,25,5747,Continuous,21,81,5747,8,origB10,1100,17,524,307,391,17,1,61.2812,MaxSatDddLadderSc,0.0052707,ok,0.0515113,8,11,53,5747
0.3018397770000121,3.2654088050314467,15.399999618530273,3202,25,,Continuous,22,508,75131,40,origB11,93522,355,2596,1688,30657,447,1,120209.492399,MaxSatDddLadderSc,119.864666323,timeout,120.166504,25,59,0,76348
0.0596063,1.6816239316239316,16.214284896850586,970,25,918,Continuous,23,54,918,8,origB12,986,26,787,281,339,6,1,71.714099,MaxSatDddLadderSc,0.0033904,ok,0.0629935,14,19,29,918
0.348464596,4.4843121480289625,20.931034088134766,5915,33,9621,Continuous,24,235,9621,18,trackA1,14827,301,5574,3933,5327,84,2,996.433491,MaxSatDddLadderSc,0.637588295,ok,0.986051691,29,94,54,9621
0.31977832099998693,4.396923076923077,19.0,3735,33,6859,Continuous,25,475,6859,17,trackA2,82106,239,4287,2995,27366,301,1,67719.691078,MaxSatDddLadderSc,67.360524956,ok,67.680300177,25,86,88,6859
0.18524770299999993,3.6666666666666665,22.375,2061,33,2077,Continuous,26,252,2077,14,trackA3,9526,107,2684,1808,3685,74,1,514.460434,MaxSatDddLadderSc,0.319869736,ok,0.505116639,16,58,118,2077
0.104263643,2.3768115942028984,19.214284896850586,1175,33,2069,Continuous,27,112,2069,10,trackA4,2385,42,1312,701,824,14,1,135.59123,MaxSatDddLadderSc,0.018515693,ok,0.122776236,14,19,77,2069
0.13691052699999995,2.7447257383966246,19.25,876,33,2773,Continuous,28,268,2773,12,trackA5,17832,53,1301,760,6996,162,1,3059.2448409999997,MaxSatDddLadderSc,2.909166619,ok,3.046073246,12,34,70,2773
0.055216091,2.392156862745098,18.625,307,33,1679,Continuous,29,98,1679,9,trackA6,1342,25,732,385,469,13,1,73.618586,MaxSatDddLadderSc,0.008633596,ok,0.063846287,8,20,65,1679
0.05147768899999999,2.4047619047619047,12.625,126,33,1393,Continuous,30,91,1393,6,trackA7,934,14,505,280,321,9,1,66.379487,MaxSatDddLadderSc,0.0061288,ok,0.057604289,8,8,74,1393
0.3827439450000014,5.600363306085377,19.88888931274414,4862,33,,Continuous,31,704,19632,28,trackA8,114632,603,6166,4552,41570,657,1,120391.405018,MaxSatDddLadderSc,119.970794475,timeout,120.35353672,27,46,0,34553
0.32911384199999816,4.656934306569343,20.049999237060547,2616,33,6305,Continuous,32,488,6305,19,trackA9,46984,219,3828,2749,17946,290,1,17233.250313,MaxSatDddLadderSc,16.883113373,ok,17.212225415,20,93,103,6305
0.08536390099999999,2.8566929133858268,18.176469802856445,1632,33,4812,Continuous,33,155,4812,14,trackA10,5053,86,1814,1070,1948,57,1,190.229706,MaxSatDddLadderSc,0.096217104,ok,0.181579305,17,43,53,4812
0.2858723040000086,5.687756778964667,20.482759475708008,6144,33,,Continuous,34,744,5865,61,trackA11,105172,811,6922,4891,39651,696,1,120827.022274,MaxSatDddLadderSc,120.49839401,timeout,120.784263614,29,47,0,22619
0.4461164840000009,5.877813504823151,21.714284896850586,6393,33,,Continuous,35,695,7798,66,trackA12,107561,794,7312,5233,39857,646,1,121227.90606200001,MaxSatDddLadderSc,120.752095385,timeout,121.198210669,28,48,0,36322
0.04518180199999999,3.0109034267912773,17.33333396911621,2022,25,1507,Continuous,36,134,1507,18,trackB1,4575,93,1933,1194,1661,42,1,97.75780400000001,MaxSatDddLadderSc,0.035962301,ok,0.081142703,18,40,50,1507
0.044465902,1.973856209150327,14.800000190734863,87,25,4404,Continuous,37,60,4404,7,trackB2,520,11,302,132,190,7,2,64.27190300000001,MaxSatDddLadderSc,0.0087837,ok,0.053246602,5,5,45,4404
0.046984502,2.9190751445086707,16.799999237060547,136,20,596,Continuous,38,72,596,9,trackB3,1033,22,505,300,357,6,1,63.79560200000001,MaxSatDddLadderSc,0.0070975,ok,0.054079402,5,15,51,596
0.28211861999999144,4.9787234042553195,15.949999809265137,2246,25,,Continuous,39,722,60500,30,trackB4,108389,222,3276,2345,38336,559,1,120081.61067499999,MaxSatDddLadderSc,119.777017654,timeout,120.059134374,20,108,54,60677
0.049965501999999995,4.295081967213115,17.799999237060547,136,25,1662,Continuous,40,100,1662,11,trackB5,2172,45,786,546,797,19,1,75.292804,MaxSatDddLadderSc,0.016327702,ok,0.066291404,5,34,45,1662
0.06422900399999999,1.7070063694267517,15.199999809265137,93,25,209,Continuous,41,52,209,4,trackB6,353,4,268,106,122,3,1,94.778905,MaxSatDddLadderSc,0.0041999,ok,0.068427004,5,1,46,209
0.20400641399999997,3.804232804232804,15.25,2865,25,56119,Continuous,42,251,56119,19,trackB7,13326,158,2876,1898,5314,110,1,1372.764272,MaxSatDddLadderSc,1.158112758,ok,1.362117472,24,73,68,56119
0.04674070200000001,3.20863309352518,13.399999618530273,72,25,1906,Continuous,43,142,1906,11,trackB8,1558,20,446,276,647,39,1,77.153304,MaxSatDddLadderSc,0.021062001,ok,0.067798803,5,16,87,1906
0.06908890499999999,5.020304568527918,13.571428298950195,150,25,8593,Continuous,44,170,8593,16,trackB9,2950,59,989,726,1104,46,3,162.000709,MaxSatDddLadderSc,0.084250803,ok,0.153336608,7,37,85,8593
0.041767902,1.5614973262032086,12.857142448425293,126,25,6912,Continuous,45,45,6912,4,trackB10,343,5,292,98,119,7,1,53.098803,MaxSatDddLadderSc,0.002223601,ok,0.043988503,7,2,36,6912
0.133835206,3.7069182389937105,15.399999618530273,3202,25,68844,Continuous,46,192,68844,20,trackB11,8294,178,2947,1927,3116,81,1,388.48222,MaxSatDddLadderSc,0.246029113,ok,0.379863519,25,71,38,68844
0.2471185079999998,3.4871794871794872,16.214284896850586,970,25,,Continuous,47,592,14794,22,trackB12,179720,134,1632,1019,60289,512,1,120556.878927,MaxSatDddLadderSc,120.27313802,timeout,120.520255428,14,60,19,15182
0.24670558599999026,4.340305711987128,20.931034088134766,5915,33,,Continuous,48,596,12085,16,stationA1,118836,335,5395,3708,41113,528,1,121747.87204999999,MaxSatDddLadderSc,121.444311764,timeout,121.69101405,29,65,2,16755
0.3558808840000012,4.343589743589743,19.0,3735,33,,Continuous,49,539,8188,21,stationA2,121744,289,4235,2908,40436,476,1,120856.493293,MaxSatDddLadderSc,120.479871196,timeout,120.83575028,25,59,3,11662
0.26420413499999995,4.5969945355191255,22.375,2061,33,,Continuous,50,615,3489,17,stationA3,92213,151,3365,2425,31778,483,1,120983.984042,MaxSatDddLadderSc,120.672636705,timeout,120.93683824,16,81,50,4053
0.13766459500000003,3.7753623188405796,19.214284896850586,1175,33,3122,Continuous,51,201,3122,20,stationA4,6468,82,2084,1416,2473,55,1,375.43548,MaxSatDddLadderSc,0.226919285,ok,0.36458098,14,52,92,3122
0.14039070799999998,3.6012658227848102,19.25,876,33,3306,Continuous,52,254,3306,17,stationA5,18542,78,1707,1150,7396,167,1,2740.2708979999998,MaxSatDddLadderSc,2.58767199,ok,2.728061698,12,49,38,3306
0.048235303,1.7745098039215685,18.625,307,33,2149,Continuous,53,62,2149,6,stationA6,774,10,543,223,271,9,1,56.846204,MaxSatDddLadderSc,0.002480101,ok,0.050713904,8,6,45,2149
0.082107606,2.7904761904761903,12.625,126,33,1762,Continuous,54,110,1762,8,stationA7,1229,12,586,359,430,17,1,104.585208,MaxSatDddLadderSc,0.0099847,ok,0.092088806,8,7,86,1762
0.4041950089999915,4.664850136239782,19.88888931274414,4862,33,,Continuous,55,834,19948,34,stationA8,105607,480,5136,3518,39805,791,1,120242.75496600001,MaxSatDddLadderSc,119.810665161,timeout,120.21485897,27,42,0,38893
0.3167572750000005,4.374695863746958,20.049999237060547,2616,33,,Continuous,56,618,7399,20,stationA9,109918,221,3596,2504,36973,540,1,121061.63024200001,MaxSatDddLadderSc,120.718652916,timeout,121.035409091,20,69,8,9649
0.2642823679999964,4.053543307086614,18.176469802856445,1632,33,6565,Continuous,57,679,6565,24,stationA10,87405,145,2574,1767,30650,530,1,88584.66255499999,MaxSatDddLadderSc,88.287141703,ok,88.551423171,17,79,68,6565
0.2999693339999965,5.231717337715694,20.482759475708008,6144,33,,Continuous,58,734,6227,45,stationA11,107978,668,6367,4330,40043,693,1,120153.66362,MaxSatDddLadderSc,119.829807692,timeout,120.129775726,29,40,0,33165
0.41063654100000235,4.954983922829582,21.714284896850586,6393,33,,Continuous,59,740,6283,46,stationA12,100195,659,6164,4191,37636,703,1,120051.276564,MaxSatDddLadderSc,119.600077122,timeout,120.010711763,28,36,0,35298
0.3296492319999942,4.158878504672897,17.33333396911621,2022,25,,Continuous,60,625,4196,15,stationB1,121567,126,2670,1846,41553,496,1,120095.978999,MaxSatDddLadderSc,119.738607965,timeout,120.068256097,18,58,70,4246
0.025994102,1.8954248366013071,14.800000190734863,87,25,4798,Continuous,61,49,4798,6,stationB2,470,10,290,122,171,8,1,33.358802,MaxSatDddLadderSc,0.0018294,ok,0.027822602,5,4,35,4798
0.043015403,2.913294797687861,16.799999237060547,136,20,674,Continuous,62,71,674,8,stationB3,1055,17,504,306,369,10,1,56.040003999999996,MaxSatDddLadderSc,0.004356401,ok,0.047369904,5,10,49,674
0.2633228140000021,4.793313069908814,15.949999809265137,2246,25,62616,Continuous,63,474,62616,22,stationB4,72130,194,3154,2278,25438,342,1,24132.737636,MaxSatDddLadderSc,23.84789922,ok,24.111220734,20,88,42,62616
0.050431903,4.26775956284153,17.799999237060547,136,25,1485,Continuous,64,98,1485,14,stationB5,2132,45,781,568,768,21,1,80.281406,MaxSatDddLadderSc,0.017480202,ok,0.067910205,5,36,41,1485
0.04035860300000001,1.929936305732484,15.199999809265137,93,25,461,Continuous,65,46,461,4,stationB6,467,6,303,138,162,5,1,51.459103,MaxSatDddLadderSc,0.0021902,ok,0.042546303,5,3,36,461
0.35333171799999263,5.203703703703703,15.25,2865,25,59333,Continuous,66,630,59333,24,stationB7,107003,246,3934,2920,36722,489,1,108975.625914,MaxSatDddLadderSc,108.601382994,ok,108.954713812,24,93,46,59333
0.041553503000000006,2.5251798561151078,13.399999618530273,72,25,2300,Continuous,67,95,2300,6,stationB8,742,11,351,198,268,11,1,56.511904,MaxSatDddLadderSc,0.0040929,ok,0.045644403,5,7,75,2300
0.043294102,3.3807106598984773,13.571428298950195,150,25,12006,Continuous,68,80,12006,9,stationB9,1603,42,666,415,578,20,1,54.335103000000004,MaxSatDddLadderSc,0.003939301,ok,0.047232003,7,30,28,12006
0.020171802000000003,1.5454545454545454,12.857142448425293,126,25,8761,Continuous,69,48,8761,4,stationB10,334,6,289,93,116,7,1,25.991202,MaxSatDddLadderSc,0.0013713,ok,0.021539202,7,3,36,8761
0.3447680350000013,4.706918238993711,15.399999618530273,3202,25,72973,Continuous,70,472,72973,18,stationB11,121456,244,3742,2664,39917,373,1,82406.831095,MaxSatDddLadderSc,82.029413156,ok,82.374179491,25,74,25,72973
0.22942395399999782,3.121794871794872,16.214284896850586,970,25,,Continuous,71,737,15934,23,stationB12,133324,124,1461,868,49389,698,1,120764.93881499999,MaxSatDddLadderSc,120.48170793,timeout,120.711129784,14,33,5,18957
