algorithm_time      , avg_time_points    , avg_tracks        , conflicting_visit_pairs, conflicts, cost , delay_cost_type, exit_code, external_status , index, iterations, lb   , max_time_points, name      , num_conflicts, num_time_points, num_traveltime, objective_iters, resource_iters, sol_time              , solver_name, solver_time , status          , total_time   , trains, travel_and_resource_iters, travel_iters, ub
0.046535293         ,  3.0973451327433628, 20.931034088134766,                    5915,        33,  5526, Continuous     ,          ,                 ,     0,        227,  5526,              11, origA1    ,           126,            3850,           1291,              36,              1,     79.38659000000001 , MaxsatRc2  ,  0.029907097, ok              ,   0.07644099 ,     29,                        50,          139,  5526
0.07259328899999998 ,  6.3076923076923075, 19.0              ,                    3735,        33,  5804, Continuous     ,          ,                 ,     1,        235,  5804,              20, origA2    ,           178,            6150,           1237,             101,              1,    308.45835900000003 , MaxsatRc2  ,  0.232275871, ok              ,   0.30486746 ,     25,                        57,           75,  5804
0.040967892000000006,  1.7691256830601092, 22.375            ,                    2061,        33,  1329, Continuous     ,          ,                 ,     2,        136,  1329,               7, origA3    ,            44,            1295,            525,              27,              1,     52.497991         , MaxsatRc2  ,  0.008045499, ok              ,   0.049010491,     16,                        15,           92,  1329
0.040923892         ,  2.947463768115942 , 19.214284896850586,                    1175,        33,  2706, Continuous     ,          ,                 ,     3,        106,  2706,               9, origA4    ,            46,            1627,            499,              25,              1,     52.69999          , MaxsatRc2  ,  0.007527899, ok              ,   0.048448591,     14,                        15,           64,  2706
0.026239695         ,  2.8860759493670884, 19.25             ,                     876,        33,  2634, Continuous     ,          ,                 ,     4,         90,  2634,               9, origA5    ,            32,            1368,            404,              15,              1,     32.478894000000004, MaxsatRc2  ,  0.0024068  , ok              ,   0.028643795,     12,                        11,           64,  2634
0.029878394         ,  2.712418300653595 , 18.625            ,                     307,        33,  2043, Continuous     ,          ,                 ,     5,         93,  2043,               5, origA6    ,            10,             830,            218,              10,              1,     35.894892999999996, MaxsatRc2  ,  0.0020527  , ok              ,   0.031926894,      8,                         2,           79,  2043
0.031979794         ,  3.2666666666666666, 12.625            ,                     126,        33,  1918, Continuous     ,          ,                 ,     6,         73,  1918,               8, origA7    ,            22,             686,            258,              12,              1,     37.304493         , MaxsatRc2  ,  0.0018584  , ok              ,   0.033834994,      8,                         6,           53,  1918
                    ,                    ,                   ,                        ,          ,      , cont           ,       124, external_timeout,     7,           ,      ,                , origA8    ,              ,                ,               ,                ,               , 120232                , maxsat_rc2 ,             , external_timeout, 120.232      ,       ,                          ,             ,      
0.070722298         ,  5.023114355231144 , 20.049999237060547,                    2616,        33,  6178, Continuous     ,          ,                 ,     8,        247,  6178,              14, origA9    ,           194,            4129,           1544,              72,              1,    181.59049199999998 , MaxsatRc2  ,  0.107247094, ok              ,   0.177967892,     20,                        65,          108,  6178
0.06736990099999998 ,  4.266141732283464 , 18.176469802856445,                    1632,        33,  4746, Continuous     ,          ,                 ,     9,        213,  4746,              15, origA10   ,           156,            2709,           1334,              47,              1,    146.37340099999997 , MaxsatRc2  ,  0.0742228  , ok              ,   0.141591401,     17,                        49,          117,  4746
0.102693002         ,  4.502459016393443 , 19.83333396911621 ,                    6162,        33,  3331, Continuous     ,          ,                 ,    10,        215,  3331,              15, origA11   ,           404,            5493,           2750,              83,              1,    307.451802         , MaxsatRc2  ,  0.1992982  , ok              ,   0.301989502,     30,                       102,           28,  3331
0.20291999599999144 ,  9.69935691318328  , 21.714284896850586,                    6393,        33,  4247, Continuous     ,          ,                 ,    11,        578,  4247,              19, origA12   ,           470,           12066,           3175,             398,              1,  69152.245257         , MaxsatRc2  , 68.934644762, ok              ,  69.137563358,     28,                       103,           77,  4247
0.021758697         ,  1.2523364485981308, 17.33333396911621 ,                    2022,        25,   969, Continuous     ,          ,                 ,    12,         95,   969,               4, origB1    ,            10,             804,            153,               6,              1,     25.093296000000002, MaxsatRc2  ,  0.000882199, ok              ,   0.022639296,     18,                         3,           84,   969
0.022948896         ,  1.522875816993464 , 14.800000190734863,                      87,        25,   347, Continuous     ,          ,                 ,    13,         55,   347,               4, origB2    ,             8,             233,             72,               4,              1,     28.869196         , MaxsatRc2  ,  0.0004005  , ok              ,   0.023346396,      5,                         3,           46,   347
0.025563996         ,  3.3815028901734103, 16.799999237060547,                     136,        20,   629, Continuous     ,          ,                 ,    14,         76,   629,               7, origB3    ,            18,             585,            229,              10,              1,     31.268795         , MaxsatRc2  ,  0.001065   , ok              ,   0.026625796,      5,                         6,           60,   629
0.05209649499999999 ,  3.3799392097264436, 15.949999809265137,                    2246,        25, 53607, Continuous     ,          ,                 ,    15,        136, 53607,              20, origB4    ,           184,            2224,            839,              18,              2,     81.924988         , MaxsatRc2  ,  0.025384394, ok              ,   0.077477789,     20,                        42,           73, 53607
0.023912996         ,  2.5956284153005464, 17.799999237060547,                     136,        25,   288, Continuous     ,          ,                 ,    16,         86,   288,               4, origB5    ,             6,             475,            108,               4,              1,     27.894496         , MaxsatRc2  ,  0.0006949  , ok              ,   0.024604296,      5,                         2,           80,   288
0.023932696         ,  1.3248407643312101, 15.199999809265137,                      93,        25,   176, Continuous     ,          ,                 ,    17,         44,   176,               3, origB6    ,             4,             208,             47,               3,              1,     27.318996000000002, MaxsatRc2  ,  0.0002857  , ok              ,   0.024215496,      5,                         1,           38,   176
0.10188609599999943 ,  7.558201058201059 , 15.25             ,                    2865,        25, 65828, Continuous     ,          ,                 ,    18,        406, 65828,              46, origB7    ,           664,            5714,           1965,             290,              1,   8404.412922000001   , MaxsatRc2  ,  8.295439327, ok              ,   8.397324423,     24,                        96,           20, 65828
0.024970799999999998,  2.258992805755396 , 13.399999618530273,                      72,        25,   676, Continuous     ,          ,                 ,    19,         46,   676,               3, origB8    ,             2,             314,             39,               5,              1,     29.8464           , MaxsatRc2  ,  0.0003399  , ok              ,   0.0253073  ,      5,                         0,           39,   676
0.031090699000000003,  4.543147208121828 , 13.571428298950195,                     150,        25,  5967, Continuous     ,          ,                 ,    20,         94,  5967,              10, origB9    ,            32,             895,            294,              20,              1,     40.751599         , MaxsatRc2  ,  0.0056295  , ok              ,   0.036716899,      7,                        10,           64,  5967
0.0264993           ,  3.431578947368421 , 11.375            ,                     130,        25,  5747, Continuous     ,          ,                 ,    21,         67,  5747,               7, origB10   ,            30,             652,            256,              17,              1,     31.954299         , MaxsatRc2  ,  0.0017459  , ok              ,   0.0282416  ,      8,                         9,           41,  5747
                    ,                    ,                   ,                        ,          ,      , cont           ,       124, external_timeout,    22,           ,      ,                , origB11   ,              ,                ,               ,                ,               , 120231                , maxsat_rc2 ,             , external_timeout, 120.231      ,       ,                          ,             ,      
0.028865101         ,  1.7094017094017093, 16.214284896850586,                     970,        25,   918, Continuous     ,          ,                 ,    23,         57,   918,               9, origB12   ,            54,             800,            288,               6,              1,     34.404500999999996, MaxsatRc2  ,  0.0013209  , ok              ,   0.030183301,     14,                        19,           30,   918
0.10801760100000002 ,  6.433628318584071 , 20.931034088134766,                    5915,        33,  9621, Continuous     ,          ,                 ,    24,        229,  9621,              22, trackA1   ,           604,            7997,           3873,              79,              2,    454.632206         , MaxsatRc2  ,  0.341568905, ok              ,   0.449584906,     29,                        96,           51,  9621
0.14973340099999888 , 13.996923076923077 , 19.0              ,                    3735,        33,  6859, Continuous     ,          ,                 ,    25,        437,  6859,              29, trackA2   ,           454,           13647,           2828,             242,              1,   9584.645204999999   , MaxsatRc2  ,  9.426106403, ok              ,   9.575838004,     25,                        90,          105,  6859
0.09015379999999995 ,  5.583333333333333 , 22.375            ,                    2061,        33,  2077, Continuous     ,          ,                 ,    26,        273,  2077,              15, trackA3   ,           240,            4087,           1740,              99,              1,    506.079705         , MaxsatRc2  ,  0.410473305, ok              ,   0.500625605,     16,                        63,          109,  2077
0.043958401         ,  3.3315217391304346, 19.214284896850586,                    1175,        33,  2069, Continuous     ,          ,                 ,    27,        112,  2069,              11, trackA4   ,            86,            1839,            684,              14,              1,     56.940301         , MaxsatRc2  ,  0.0085473  , ok              ,   0.052502701,     14,                        21,           75,  2069
0.04123420100000001 ,  3.5               , 19.25             ,                     876,        33,  2773, Continuous     ,          ,                 ,    28,        175,  2773,              13, trackA5   ,            80,            1659,            661,              80,              1,    116.273002         , MaxsatRc2  ,  0.071383201, ok              ,   0.112615402,     12,                        26,           69,  2773
0.0307075           ,  3.104575163398693 , 18.625            ,                     307,        33,  1679, Continuous     ,          ,                 ,    29,         78,  1679,              10, trackA6   ,            34,             950,            322,              13,              1,     36.670899999999996, MaxsatRc2  ,  0.0018814  , ok              ,   0.0325856  ,      8,                        12,           51,  1679
0.033800501         ,  4.3428571428571425, 12.625            ,                     126,        33,  1393, Continuous     ,          ,                 ,    30,        116,  1393,               9, trackA7   ,            28,             912,            276,               9,              1,     42.323001         , MaxsatRc2  ,  0.0043125  , ok              ,   0.038109701,      8,                         7,          100,  1393
                    ,                    ,                   ,                        ,          ,      , cont           ,       124, external_timeout,    31,           ,      ,                , trackA8   ,              ,                ,               ,                ,               , 120269                , maxsat_rc2 ,             , external_timeout, 120.269      ,       ,                          ,             ,      
0.10899340000000013 ,  8.524330900243308 , 20.049999237060547,                    2616,        33,  6305, Continuous     ,          ,                 ,    32,        360,  6305,              23, trackA9   ,           420,            7007,           2661,             202,              1,   2260.4412159999997  , MaxsatRc2  ,  2.144257116, ok              ,   2.253249116,     20,                        98,           58,  6305
0.04103060099999999 ,  5.741732283464567 , 18.176469802856445,                    1632,        33,  4812, Continuous     ,          ,                 ,    33,        154,  4812,              17, trackA10  ,           174,            3646,           1029,              55,              1,     96.523501         , MaxsatRc2  ,  0.051739   , ok              ,   0.092767901,     17,                        45,           52,  4812
                    ,                    ,                   ,                        ,          ,      , cont           ,       124, external_timeout,    34,           ,      ,                , trackA11  ,              ,                ,               ,                ,               , 120269                , maxsat_rc2 ,             , external_timeout, 120.269      ,       ,                          ,             ,      
                    ,                    ,                   ,                        ,          ,      , cont           ,       124, external_timeout,    35,           ,      ,                , trackA12  ,              ,                ,               ,                ,               , 120267                , maxsat_rc2 ,             , external_timeout, 120.267      ,       ,                          ,             ,      
0.053961898         ,  3.9330218068535827, 17.33333396911621 ,                    2022,        25,  1507, Continuous     ,          ,                 ,    36,        123,  1507,              16, trackB1   ,           182,            2525,           1140,              51,              1,    120.777195         , MaxsatRc2  ,  0.062074097, ok              ,   0.116033495,     18,                        43,           29,  1507
0.019365899         ,  3.9084967320261437, 14.800000190734863,                      87,        25,  4404, Continuous     ,          ,                 ,    37,         60,  4404,               9, trackB2   ,            22,             598,            130,               7,              2,     22.911499         , MaxsatRc2  ,  0.0013213  , ok              ,   0.020684499,      5,                         5,           45,  4404
0.033184398999999996,  3.4739884393063583, 16.799999237060547,                     136,        20,   596, Continuous     ,          ,                 ,    38,         61,   596,               8, trackB3   ,            36,             601,            229,               5,              1,     39.269898         , MaxsatRc2  ,  0.002122099, ok              ,   0.035302598,      5,                        12,           42,   596
                    ,                    ,                   ,                        ,          ,      , cont           ,       124, external_timeout,    39,           ,      ,                , trackB4   ,              ,                ,               ,                ,               , 120272                , maxsat_rc2 ,             , external_timeout, 120.272      ,       ,                          ,             ,      
0.0217195           ,  8.28415300546448  , 17.799999237060547,                     136,        25,  1662, Continuous     ,          ,                 ,    40,        101,  1662,              16, trackB5   ,           106,            1516,            560,              19,              5,     31.8308           , MaxsatRc2  ,  0.007292   , ok              ,   0.0290094  ,      5,                        38,           38,  1662
0.0182837           ,  2.6751592356687897, 15.199999809265137,                      93,        25,   209, Continuous     ,          ,                 ,    41,         52,   209,               5, trackB6   ,             8,             420,            105,               3,              1,     21.9929           , MaxsatRc2  ,  0.0005394  , ok              ,   0.0188201  ,      5,                         1,           46,   209
0.1137721009999999  ,  7.931216931216931 , 15.25             ,                    2865,        25, 56119, Continuous     ,          ,                 ,    42,        315, 56119,              24, trackB7   ,           368,            5996,           2021,             174,              1,   1519.471808         , MaxsatRc2  ,  1.401619207, ok              ,   1.515389608,     24,                        88,           53, 56119
0.0421933           ,  5.143884892086331 , 13.399999618530273,                      72,        25,  1906, Continuous     ,          ,                 ,    43,        124,  1906,              12, trackB8   ,            40,             715,            275,              32,              2,     68.1393           , MaxsatRc2  ,  0.0211933  , ok              ,   0.0633823  ,      5,                        14,           77,  1906
0.042790201         ,  8.959390862944163 , 13.571428298950195,                     150,        25,  8593, Continuous     ,          ,                 ,    44,        169,  8593,              20, trackB9   ,           110,            1765,            724,              71,              1,     96.334801         , MaxsatRc2  ,  0.0492108  , ok              ,   0.091997901,      7,                        38,           60,  8593
0.025610501         ,  2.5240641711229945, 12.857142448425293,                     126,        25,  6912, Continuous     ,          ,                 ,    45,         45,  6912,               5, trackB10  ,            10,             472,             97,               7,              1,     30.062500999999997, MaxsatRc2  ,  0.0005008  , ok              ,   0.026107601,      7,                         2,           36,  6912
0.09281800000000001 ,  9.640251572327044 , 15.399999618530273,                    3202,        25, 68844, Continuous     ,          ,                 ,    46,        190, 68844,              25, trackB11  ,           398,            7664,           2035,              73,              2,    386.433202         , MaxsatRc2  ,  0.288280302, ok              ,   0.381096402,     25,                        81,           35, 68844
                    ,                    ,                   ,                        ,          ,      , cont           ,       124, external_timeout,    47,           ,      ,                , trackB12  ,              ,                ,               ,                ,               , 120252                , maxsat_rc2 ,             , external_timeout, 120.252      ,       ,                          ,             ,      
                    ,                    ,                   ,                        ,          ,      , cont           ,       124, external_timeout,    48,           ,      ,                , stationA1 ,              ,                ,               ,                ,               , 120297                , maxsat_rc2 ,             , external_timeout, 120.297      ,       ,                          ,             ,      
                    ,                    ,                   ,                        ,          ,      , cont           ,       124, external_timeout,    49,           ,      ,                , stationA2 ,              ,                ,               ,                ,               , 120259                , maxsat_rc2 ,             , external_timeout, 120.259      ,       ,                          ,             ,      
                    ,                    ,                   ,                        ,          ,      , cont           ,       124, external_timeout,    50,           ,      ,                , stationA3 ,              ,                ,               ,                ,               , 120279                , maxsat_rc2 ,             , external_timeout, 120.279      ,       ,                          ,             ,      
0.05390630000000002 ,  6.7355072463768115, 19.214284896850586,                    1175,        33,  3122, Continuous     ,          ,                 ,    51,        202,  3122,              20, stationA4 ,           172,            3718,           1423,              59,              1,    178.915097         , MaxsatRc2  ,  0.121757597, ok              ,   0.175662297,     14,                        55,           88,  3122
0.07651279899999985 ,  8.50632911392405  , 19.25             ,                     876,        33,  3306, Continuous     ,          ,                 ,    52,        303,  3306,              23, stationA5 ,           150,            4032,           1127,             209,              1,   1353.105791         , MaxsatRc2  ,  1.271557092, ok              ,   1.348068591,     12,                        50,           42,  3306
0.029559300000000004,  1.7745098039215685, 18.625            ,                     307,        33,  2149, Continuous     ,          ,                 ,    53,         62,  2149,               6, stationA6 ,            20,             543,            221,               9,              1,     35.6428           , MaxsatRc2  ,  0.001969   , ok              ,   0.0315233  ,      8,                         6,           45,  2149
0.029738999999999998,  3.738095238095238 , 12.625            ,                     126,        33,  1762, Continuous     ,          ,                 ,    54,        110,  1762,               9, stationA7 ,            24,             785,            355,              17,              1,     37.7322           , MaxsatRc2  ,  0.0038967  , ok              ,   0.0336326  ,      8,                         7,           86,  1762
                    ,                    ,                   ,                        ,          ,      , cont           ,       124, external_timeout,    55,           ,      ,                , stationA8 ,              ,                ,               ,                ,               , 120259                , maxsat_rc2 ,             , external_timeout, 120.259      ,       ,                          ,             ,      
                    ,                    ,                   ,                        ,          ,      , cont           ,       124, external_timeout,    56,           ,      ,                , stationA9 ,              ,                ,               ,                ,               , 120278                , maxsat_rc2 ,             , external_timeout, 120.278      ,       ,                          ,             ,      
0.19018380099999987 , 11.803149606299213 , 18.176469802856445,                    1632,        33,  6565, Continuous     ,          ,                 ,    57,        650,  6565,              32, stationA10,           276,            7495,           1724,             500,              2,  30538.962582         , MaxsatRc2  , 30.331419681, ok              ,  30.521601082,     17,                        75,           72,  6565
                    ,                    ,                   ,                        ,          ,      , cont           ,       124, external_timeout,    58,           ,      ,                , stationA11,              ,                ,               ,                ,               , 120473                , maxsat_rc2 ,             , external_timeout, 120.473      ,       ,                          ,             ,      
                    ,                    ,                   ,                        ,          ,      , cont           ,       124, external_timeout,    59,           ,      ,                , stationA12,              ,                ,               ,                ,               , 120229                , maxsat_rc2 ,             , external_timeout, 120.229      ,       ,                          ,             ,      
                    ,                    ,                   ,                        ,          ,      , cont           ,       124, external_timeout,    60,           ,      ,                , stationB1 ,              ,                ,               ,                ,               , 120355                , maxsat_rc2 ,             , external_timeout, 120.355      ,       ,                          ,             ,      
0.017415398999999998,  1.8954248366013071, 14.800000190734863,                      87,        25,  4798, Continuous     ,          ,                 ,    61,         49,  4798,               6, stationB2 ,            20,             290,            120,               8,              1,     20.476399         , MaxsatRc2  ,  0.0009631  , ok              ,   0.018376499,      5,                         4,           35,  4798
0.0270595           ,  5.872832369942197 , 16.799999237060547,                     136,        20,   674, Continuous     ,          ,                 ,    62,         75,   674,              10, stationB3 ,            32,            1016,            313,              11,              1,     33.9922           , MaxsatRc2  ,  0.0024048  , ok              ,   0.0294611  ,      5,                        11,           51,   674
0.16555439600000454 ,  5.954407294832826 , 15.949999809265137,                    2246,        25, 62616, Continuous     ,          ,                 ,    63,        596, 62616,              24, stationB4 ,           414,            3918,           2356,             462,              1,  48064.93507          , MaxsatRc2  , 47.886518474, ok              ,  48.05207167 ,     20,                        88,           44, 62616
0.0242034           ,  6.508196721311475 , 17.799999237060547,                     136,        25,  1485, Continuous     ,          ,                 ,    64,        103,  1485,              20, stationB5 ,            98,            1191,            606,              21,              1,     33.8556           , MaxsatRc2  ,  0.0072051  , ok              ,   0.0314071  ,      5,                        40,           40,  1485
0.0237505           ,  2.8980891719745223, 15.199999809265137,                      93,        25,   461, Continuous     ,          ,                 ,    65,         46,   461,               5, stationB6 ,            12,             455,            137,               5,              1,     28.0165           , MaxsatRc2  ,  0.0008699  , ok              ,   0.0246167  ,      5,                         3,           36,   461
0.17235510200000093 ,  7.0476190476190474, 15.25             ,                    2865,        25, 59333, Continuous     ,          ,                 ,    66,        439, 59333,              21, stationB7 ,           460,            5328,           2760,             319,              1,  11023.281675         , MaxsatRc2  , 10.840760173, ok              ,  11.013112475,     24,                        87,           31, 59333
0.027264700000000003,  3.4820143884892087, 13.399999618530273,                      72,        25,  2300, Continuous     ,          ,                 ,    67,         92,  2300,               7, stationB8 ,            22,             484,            192,              11,              1,     33.571999999999996, MaxsatRc2  ,  0.0020035  , ok              ,   0.0292642  ,      5,                         7,           74,  2300
0.030574998000000003,  6.091370558375634 , 13.571428298950195,                     150,        25, 12006, Continuous     ,          ,                 ,    68,         76, 12006,              12, stationB9 ,            82,            1200,            370,              17,              1,     39.342698000000006, MaxsatRc2  ,  0.0046735  , ok              ,   0.035243498,      7,                        30,           29, 12006
0.024051398999999998,  1.5454545454545454, 12.857142448425293,                     126,        25,  8761, Continuous     ,          ,                 ,    69,         48,  8761,               4, stationB10,            12,             289,             92,               7,              1,     29.075499         , MaxsatRc2  ,  0.0004648  , ok              ,   0.024513299,      7,                         3,           36,  8761
0.16474519600000548 ,  7.607547169811321 , 15.399999618530273,                    3202,        25, 72973, Continuous     ,          ,                 ,    70,        521, 72973,              20, stationB11,           488,            6048,           2601,             426,              1,  49505.156973         , MaxsatRc2  , 49.327469177, ok              ,  49.492213173,     25,                        77,           16, 72973
                    ,                    ,                   ,                        ,          ,      , cont           ,       124, external_timeout,    71,           ,      ,                , stationB12,              ,                ,               ,                ,               , 120250                , maxsat_rc2 ,             , external_timeout, 120.25       ,       ,                          ,             ,      
