algorithm_time      , avg_time_points    , avg_tracks        , conflicting_visit_pairs, conflicts, cost, delay_cost_type , exit_code, external_status , index, iterations, lb , max_time_points, name      , num_conflicts, num_time_points, num_traveltime, objective_iters, resource_iters, sol_time              , solver_name, solver_time  , status          , total_time   , trains, travel_and_resource_iters, travel_iters, ub
0.029051957         ,  1.8720836685438456, 20.931034088134766,                    5915,        33,   34, InfiniteSteps180,          ,                 ,     0,        214,  34,              10, origA1    ,            96,            2327,           1007,              12,              1,     40.741508         , MaxsatRc2  , 0.009135963  , ok              ,   0.03818672 ,     29,                        36,          164,  34
0.02958026          ,  1.917948717948718 , 19.0              ,                    3735,        33,   37, InfiniteSteps180,          ,                 ,     1,        169,  37,               9, origA2    ,           100,            1870,            817,              37,              1,     41.184406         , MaxsatRc2  , 0.00855506   , ok              ,   0.03813262 ,     25,                        30,          100,  37
0.026309281         ,  3.040983606557377 , 22.375            ,                    2061,        33,   14, InfiniteSteps180,          ,                 ,     2,        181,  14,               9, origA3    ,            68,            2226,            717,              14,              1,     34.190539         , MaxsatRc2  , 0.006441565  , ok              ,   0.032748846,     16,                        27,          140,  14
0.014175738         ,  3.175724637681159 , 19.214284896850586,                    1175,        33,   22, InfiniteSteps180,          ,                 ,     3,        146,  22,              10, origA4    ,            60,            1753,            615,              22,              1,     18.387912999999998, MaxsatRc2  , 0.002849582  , ok              ,   0.01702422 ,     14,                        21,          101,  22
0.015222527999999999,  3.1054852320675104, 19.25             ,                     876,        33,   19, InfiniteSteps180,          ,                 ,     4,        124,  19,              11, origA5    ,            36,            1472,            506,              19,              1,     19.036009999999997, MaxsatRc2  , 0.002508388  , ok              ,   0.017729916,     12,                        11,           92,  19
0.007112405         ,  1.7352941176470589, 18.625            ,                     307,        33,   14, InfiniteSteps180,          ,                 ,     5,         89,  14,               6, origA6    ,            14,             531,            214,              14,              1,      8.742006         , MaxsatRc2  , 0.0005621    , ok              ,   0.007673405,      8,                         4,           69,  14
0.008860505999999999,  4.052380952380952 , 12.625            ,                     126,        33,   15, InfiniteSteps180,          ,                 ,     6,         91,  15,               8, origA7    ,            20,             851,            222,              15,              1,     10.287307         , MaxsatRc2  , 0.0006414    , ok              ,   0.009501006,      8,                         5,           69,  15
0.08625415900000002 ,  8.860507246376812 , 19.214284896850586,                    4877,        33,  136, InfiniteSteps180,          ,                 ,     7,        276, 136,              51, origA8    ,          1006,            9782,           4815,              46,              1,    309.312703         , MaxsatRc2  , 0.220880942  , ok              ,   0.307133701,     28,                       164,           64, 136
0.021072118         ,  5.004866180048662 , 20.049999237060547,                    2616,        33,   40, InfiniteSteps180,          ,                 ,     8,        208,  40,              16, origA9    ,           232,            4114,           1522,              40,              1,     34.604922         , MaxsatRc2  , 0.011167403  , ok              ,   0.032238621,     20,                        70,           96,  40
0.022309115         ,  5.069291338582677 , 18.176469802856445,                    1632,        33,   33, InfiniteSteps180,          ,                 ,     9,        210,  33,              21, origA10   ,           154,            3219,           1217,              23,              1,     37.935124         , MaxsatRc2  , 0.014199209  , ok              ,   0.036507024,     17,                        52,          133,  33
0.030660821         ,  3.5311475409836066, 19.83333396911621 ,                    6162,        33,   25, InfiniteSteps180,          ,                 ,    10,        155,  25,              12, origA11   ,           262,            4308,           1678,              25,              1,     50.416033999999996, MaxsatRc2  , 0.018366811  , ok              ,   0.049026732,     30,                        76,           52,  25
0.09320376999999999 ,  4.011254019292605 , 21.714284896850586,                    6393,        33,   29, InfiniteSteps180,          ,                 ,    11,        202,  29,              11, origA12   ,           324,            4990,           2259,              29,              1,    175.660616         , MaxsatRc2  , 0.081015644  , ok              ,   0.174218114,     28,                        77,           94,  29
0.012958409         ,  2.1542056074766354, 17.33333396911621 ,                    2022,        25,    7, InfiniteSteps180,          ,                 ,    12,         58,   7,               5, origB1    ,            10,            1383,            108,               7,              1,     13.944409         , MaxsatRc2  , 0.0001713    , ok              ,   0.013128709,     18,                         3,           48,   7
0.006915504         ,  1.522875816993464 , 14.800000190734863,                      87,        25,    5, InfiniteSteps180,          ,                 ,    13,         56,   5,               4, origB2    ,             8,             233,             72,               5,              1,      9.238206         , MaxsatRc2  , 0.0001172    , ok              ,   0.007031704,      5,                         3,           46,   5
0.006269404         ,  4.2601156069364166, 16.799999237060547,                     136,        20,    7, InfiniteSteps180,          ,                 ,    14,         67,   7,               8, origB3    ,            18,             737,            213,               7,              1,      7.378405         , MaxsatRc2  , 0.0003147    , ok              ,   0.006583104,      5,                         6,           54,   7
0.010754204         ,  2.1094224924012157, 15.949999809265137,                    2246,        25,  301, InfiniteSteps180,          ,                 ,    15,         95, 301,              18, origB4    ,           168,            1388,            644,              10,              1,     14.196404         , MaxsatRc2  , 0.0018232    , ok              ,   0.012573004,     20,                        51,           32, 301
0.005434602         ,  1.546448087431694 , 17.799999237060547,                     136,        25,    2, InfiniteSteps180,          ,                 ,    16,         73,   2,               3, origB5    ,             6,             283,             94,               2,              1,      6.953702         , MaxsatRc2  , 0.0002112    , ok              ,   0.005644902,      5,                         2,           67,   2
0.004044201         ,  1.0955414012738853, 15.199999809265137,                      93,        25,    2, InfiniteSteps180,          ,                 ,    17,         17,   2,               2, origB6    ,             2,             172,             13,               2,              1,      5.232601         , MaxsatRc2  , 1.93e-05     , ok              ,   0.004062201,      5,                         0,           13,   2
0.023286706000000004,  4.931216931216931 , 15.25             ,                    2865,        25,  370, InfiniteSteps180,          ,                 ,    18,        101, 370,              27, origB7    ,           498,            3728,           1442,              19,              1,     34.56601          , MaxsatRc2  , 0.010027704  , ok              ,   0.03331301 ,     24,                        53,           27, 370
0.004064701         ,  1.2949640287769784, 13.399999618530273,                      72,        25,    6, InfiniteSteps180,          ,                 ,    19,         47,   6,               2, origB8    ,             2,             180,             39,               6,              1,      5.127302         , MaxsatRc2  , 4.94e-05     , ok              ,   0.004113401,      5,                         0,           39,   6
0.006471302         ,  4.67005076142132  , 13.571428298950195,                     150,        25,   35, InfiniteSteps180,          ,                 ,    20,         91,  35,               9, origB9    ,            26,             920,            322,               8,              1,      8.105103000000002, MaxsatRc2  , 0.0008798    , ok              ,   0.007350302,      7,                         7,           74,  35
0.005609701000000001,  4.605263157894737 , 11.375            ,                     130,        25,   34, InfiniteSteps180,          ,                 ,    21,         63,  34,              11, origB10   ,            40,             875,            289,              10,              1,      6.848902         , MaxsatRc2  , 0.0005089    , ok              ,   0.006117701,      8,                        13,           38,  34
0.041316913000000004,  5.564779874213836 , 15.399999618530273,                    3202,        25,  425, InfiniteSteps180,          ,                 ,    22,        250, 425,              60, origB11   ,          1216,            4424,           2683,              29,              3,    102.09723          , MaxsatRc2  , 0.059520917  , ok              ,   0.10083603 ,     25,                       192,           27, 425
0.005948502         ,  1.6004273504273505, 16.214284896850586,                     970,        25,    6, InfiniteSteps180,          ,                 ,    23,         56,   6,               7, origB12   ,            44,             749,            242,               6,              1,      7.071403         , MaxsatRc2  , 0.000282     , ok              ,   0.006229702,     14,                        17,           31,   6
0.08700212800000001 ,  6.108608205953339 , 20.931034088134766,                    5915,        33,   60, InfiniteSteps180,          ,                 ,    24,        269,  60,              26, trackA1   ,           546,            7593,           3526,              25,              2,    277.19158100000004 , MaxsatRc2  , 0.188108353  , ok              ,   0.275109281,     29,                        99,          142,  60
0.046823313         ,  7.0892307692307694, 19.0              ,                    3735,        33,   48, InfiniteSteps180,          ,                 ,    25,        226,  48,              22, trackA2   ,           468,            6912,           2770,              48,              1,    110.182333         , MaxsatRc2  , 0.061539719  , ok              ,   0.108361132,     25,                        91,           85,  48
0.04112091300000001 ,  8.775956284153006 , 22.375            ,                    2061,        33,   18, InfiniteSteps180,          ,                 ,    26,        217,  18,              17, trackA3   ,           238,            6424,           1926,              18,              1,     81.474424         , MaxsatRc2  , 0.038766311  , ok              ,   0.079886124,     16,                        63,          136,  18
0.014856905         ,  3.835144927536232 , 19.214284896850586,                    1175,        33,   18, InfiniteSteps180,          ,                 ,    27,        148,  18,              13, trackA4   ,           110,            2117,            939,              18,              1,     21.093506         , MaxsatRc2  , 0.0051071    , ok              ,   0.019962805,     14,                        31,           99,  18
0.013799605         ,  5.69198312236287  , 19.25             ,                     876,        33,   19, InfiniteSteps180,          ,                 ,    28,        173,  19,              14, trackA5   ,            98,            2698,            763,              19,              1,     21.579907         , MaxsatRc2  , 0.006041901  , ok              ,   0.019840506,     12,                        33,          119,  19
0.006726801         ,  3.0947712418300655, 18.625            ,                     307,        33,   11, InfiniteSteps180,          ,                 ,    29,        109,  11,              10, trackA6   ,            32,             947,            318,              11,              1,      8.556502         , MaxsatRc2  , 0.001021801  , ok              ,   0.007747702,      8,                        10,           86,  11
0.006324502         ,  4.242857142857143 , 12.625            ,                     126,        33,   10, InfiniteSteps180,          ,                 ,    30,         83,  10,               8, trackA7   ,            30,             891,            257,              10,              1,      7.806401999999999, MaxsatRc2  , 0.0006895    , ok              ,   0.007013002,      8,                         8,           63,  10
0.2571748290000002  , 30.493188010899182 , 19.88888931274414 ,                    4862,        33,  146, InfiniteSteps180,          ,                 ,    31,        402, 146,             120, trackA8   ,          5292,           33573,          15781,              73,              1,  28232.371022         , MaxsatRc2  , 27.970593194 , ok              ,  28.227766823,     27,                       306,           21, 146
0.06007507199999999 ,  9.057177615571776 , 20.049999237060547,                    2616,        33,   43, InfiniteSteps180,          ,                 ,    32,        301,  43,              23, trackA9   ,           494,            7445,           3047,              43,              1,    137.679331         , MaxsatRc2  , 0.07613916   , ok              ,   0.136212932,     20,                       128,          128,  43
0.01517249          ,  3.985826771653543 , 18.176469802856445,                    1632,        33,   33, InfiniteSteps180,          ,                 ,    33,        130,  33,              18, trackA10  ,           196,            2531,           1137,              19,              2,     22.244989         , MaxsatRc2  , 0.005977499  , ok              ,   0.021149089,     17,                        52,           56,  33
                    ,                    ,                   ,                        ,          ,     , infsteps180     ,       124, external_timeout,    34,           ,    ,                , trackA11  ,              ,                ,               ,                ,               , 120153                , maxsat_rc2 ,              , external_timeout, 120.153      ,       ,                          ,             ,    
                    ,                    ,                   ,                        ,          ,     , infsteps180     ,       124, external_timeout,    35,           ,    ,                , trackA12  ,              ,                ,               ,                ,               , 120153                , maxsat_rc2 ,              , external_timeout, 120.153      ,       ,                          ,             ,    
0.013528400000000001,  4.864485981308412 , 17.33333396911621 ,                    2022,        25,   14, InfiniteSteps180,          ,                 ,    36,        103,  14,              16, trackB1   ,           168,            3123,           1114,              14,              1,     21.328101         , MaxsatRc2  , 0.006695701  , ok              ,   0.020223201,     18,                        45,           42,  14
0.0056742           ,  1.8888888888888888, 14.800000190734863,                      87,        25,   26, InfiniteSteps180,          ,                 ,    37,         50,  26,               6, trackB2   ,            20,             289,            119,               9,              1,      6.8944           , MaxsatRc2  , 0.0003034    , ok              ,   0.0059763  ,      5,                         5,           34,  26
0.006985001         ,  4.300578034682081 , 16.799999237060547,                     136,        20,    4, InfiniteSteps180,          ,                 ,    38,         59,   4,               8, trackB3   ,            36,             744,            205,               4,              1,      8.639101         , MaxsatRc2  , 0.000678     , ok              ,   0.007661901,      5,                        11,           44,   4
0.0357001           ,  8.706686930091186 , 15.949999809265137,                    2246,        25,  341, InfiniteSteps180,          ,                 ,    39,        185, 341,              30, trackB4   ,           404,            5729,           2234,              22,              1,    117.101301         , MaxsatRc2  , 0.080051901  , ok              ,   0.115750801,     20,                        91,           70, 341
0.0082845           ,  6.961748633879782 , 17.799999237060547,                     136,        25,   11, InfiniteSteps180,          ,                 ,    40,         91,  11,              16, trackB5   ,            82,            1274,            499,              11,              1,     11.3548           , MaxsatRc2  , 0.0020185    , ok              ,   0.010302   ,      5,                        31,           49,  11
0.006424            ,  1.7070063694267517, 15.199999809265137,                      93,        25,    2, InfiniteSteps180,          ,                 ,    41,         51,   2,               4, trackB6   ,             8,             268,            105,               2,              1,      7.441801         , MaxsatRc2  , 0.0001992    , ok              ,   0.006622   ,      5,                         1,           46,   2
0.038964399999999996,  6.048941798941799 , 15.25             ,                    2865,        25,  318, InfiniteSteps180,          ,                 ,    42,        162, 318,              23, trackB7   ,           376,            4573,           2070,              24,              1,     90.988801         , MaxsatRc2  , 0.049985401  , ok              ,   0.088947901,     24,                        84,           52, 318
0.0082072           ,  5.16546762589928  , 13.399999618530273,                      72,        25,   12, InfiniteSteps180,          ,                 ,    43,        104,  12,              12, trackB8   ,            42,             718,            277,              12,              1,     11.7913           , MaxsatRc2  , 0.001247     , ok              ,   0.0094497  ,      5,                        17,           75,  12
0.0085673           ,  8.598984771573605 , 13.571428298950195,                     150,        25,   51, InfiniteSteps180,          ,                 ,    44,        102,  51,              18, trackB9   ,           108,            1694,            655,              10,              1,     12.3056           , MaxsatRc2  , 0.0028161    , ok              ,   0.0113823  ,      7,                        36,           54,  51
0.0149362           ,  1.572192513368984 , 12.857142448425293,                     126,        25,   41, InfiniteSteps180,          ,                 ,    45,         47,  41,               4, trackB10  ,            10,             294,             99,               6,              1,     17.0002           , MaxsatRc2  , 0.0004479    , ok              ,   0.0153824  ,      7,                         2,           37,  41
0.05412455699999999 ,  8.964779874213836 , 15.399999618530273,                    3202,        25,  391, InfiniteSteps180,          ,                 ,    46,        166, 391,              27, trackB11  ,           372,            7127,           2235,              26,              1,    125.31262900000002 , MaxsatRc2  , 0.068490269  , ok              ,   0.122612326,     25,                        75,           63, 391
0.034472143999999996,  7.450854700854701 , 16.214284896850586,                     970,        25,   88, InfiniteSteps180,          ,                 ,    47,        139,  88,              24, trackB12  ,           260,            3487,           1022,              41,              2,    121.303625         , MaxsatRc2  , 0.084578978  , ok              ,   0.119049422,     14,                        66,           31,  88
0.14361724199999998 ,  9.3266291230893   , 20.931034088134766,                    5915,        33,   81, InfiniteSteps180,          ,                 ,    48,        274,  81,              24, stationA1 ,           962,           11593,           5993,              46,              1,    549.803664         , MaxsatRc2  , 0.403594219  , ok              ,   0.547210261,     29,                       150,           76,  81
0.05763966200000001 ,  6.733333333333333 , 19.0              ,                    3735,        33,   59, InfiniteSteps180,          ,                 ,    49,        191,  59,              24, stationA2 ,           886,            6565,           4049,              59,              1,    243.705651         , MaxsatRc2  , 0.182694385  , ok              ,   0.240332947,     25,                       109,           21,  59
0.030669626999999998,  7.243169398907104 , 22.375            ,                    2061,        33,   26, InfiniteSteps180,          ,                 ,    50,        165,  26,              21, stationA3 ,           288,            5302,           2208,              26,              1,     63.216665000000006, MaxsatRc2  , 0.030792936  , ok              ,   0.061461363,     16,                        75,           62,  26
0.020342023         ,  4.48731884057971  , 19.214284896850586,                    1175,        33,   22, InfiniteSteps180,          ,                 ,    51,        149,  22,              18, stationA4 ,           172,            2477,           1263,              22,              1,     31.464433         , MaxsatRc2  , 0.009979508  , ok              ,   0.030320431,     14,                        58,           67,  22
0.018094818999999998,  4.4641350210970465, 19.25             ,                     876,        33,   23, InfiniteSteps180,          ,                 ,    52,        121,  23,              15, stationA5 ,           128,            2116,           1077,              23,              1,     26.754827         , MaxsatRc2  , 0.006743107  , ok              ,   0.024836026,     12,                        42,           56,  23
0.007184606         ,  1.7712418300653594, 18.625            ,                     307,        33,   15, InfiniteSteps180,          ,                 ,    53,         66,  15,               7, stationA6 ,            20,             542,            219,              15,              1,      8.643208         , MaxsatRc2  , 0.000462601  , ok              ,   0.007646207,      8,                         6,           43,  15
0.012435212         ,  4.923809523809524 , 12.625            ,                     126,        33,   16, InfiniteSteps180,          ,                 ,    54,        124,  16,              11, stationA7 ,            30,            1034,            396,              16,              1,     15.961515999999998, MaxsatRc2  , 0.002005503  , ok              ,   0.014438515,      8,                        10,           98,  16
0.341666716000006   , 35.13805631244323  , 19.88888931274414 ,                    4862,        33,  161, InfiniteSteps180,          ,                 ,    55,        572, 161,             137, stationA8 ,          7906,           38687,          21955,              87,              1, 111938.472747         , MaxsatRc2  , 111.590793028, ok              , 111.932458644,     27,                       454,           29, 161
0.033506711         ,  8.487834549878345 , 20.049999237060547,                    2616,        33,   49, InfiniteSteps180,          ,                 ,    56,        197,  49,              23, stationA9 ,           450,            6977,           2650,              49,              1,     90.45193          , MaxsatRc2  , 0.054867118  , ok              ,   0.088372429,     20,                        92,           54,  49
0.017192404         ,  5.38740157480315  , 18.176469802856445,                    1632,        33,   41, InfiniteSteps180,          ,                 ,    57,        132,  41,              24, stationA10,           234,            3421,           1380,              27,              1,     28.161209         , MaxsatRc2  , 0.009197805  , ok              ,   0.026389109,     17,                        63,           40,  41
                    ,                    ,                   ,                        ,          ,     , infsteps180     ,       124, external_timeout,    58,           ,    ,                , stationA11,              ,                ,               ,                ,               , 120171                , maxsat_rc2 ,              , external_timeout, 120.171      ,       ,                          ,             ,    
                    ,                    ,                   ,                        ,          ,     , infsteps180     ,       124, external_timeout,    59,           ,    ,                , stationA12,              ,                ,               ,                ,               , 120288                , maxsat_rc2 ,              , external_timeout, 120.288      ,       ,                          ,             ,    
0.07187439099999998 ,  8.105919003115265 , 17.33333396911621 ,                    2022,        25,   30, InfiniteSteps180,          ,                 ,    60,        176,  30,              20, stationB1 ,           252,            5204,           1864,              30,              1,    172.040974         , MaxsatRc2  , 0.095865583  , ok              ,   0.167738574,     18,                        60,           84,  30
0.020089698         ,  1.8954248366013071, 14.800000190734863,                      87,        25,   29, InfiniteSteps180,          ,                 ,    61,         53,  29,               6, stationB2 ,            20,             290,            120,              12,              1,     23.674497         , MaxsatRc2  , 0.000783399  , ok              ,   0.020868297,      5,                         4,           35,  29
0.030033295         ,  4.728323699421965 , 16.799999237060547,                     136,        20,    6, InfiniteSteps180,          ,                 ,    62,         64,   6,              10, stationB3 ,            32,             818,            281,               6,              1,     36.916795         , MaxsatRc2  , 0.00179      , ok              ,   0.031819195,      5,                        11,           47,   6
0.08067119099999999 ,  5.37386018237082  , 15.949999809265137,                    2246,        25,  355, InfiniteSteps180,          ,                 ,    63,        155, 355,              17, stationB4 ,           310,            3536,           2036,              34,              1,    164.462579         , MaxsatRc2  , 0.078513189  , ok              ,   0.15918258 ,     20,                        61,           58, 355
0.029192695999999997,  6.163934426229508 , 17.799999237060547,                     136,        25,   10, InfiniteSteps180,          ,                 ,    64,         81,  10,              17, stationB5 ,            90,            1128,            539,              10,              1,     40.297793999999996, MaxsatRc2  , 0.0070247    , ok              ,   0.036213796,      5,                        37,           34,  10
0.025932397000000003,  1.929936305732484 , 15.199999809265137,                      93,        25,    5, InfiniteSteps180,          ,                 ,    65,         46,   5,               4, stationB6 ,            12,             303,            137,               5,              1,     31.106596         , MaxsatRc2  , 0.0006189    , ok              ,   0.026547397,      5,                         3,           36,   5
0.09201858599999999 ,  5.731481481481482 , 15.25             ,                    2865,        25,  339, InfiniteSteps180,          ,                 ,    66,        182, 339,              23, stationB7 ,           456,            4333,           2550,              42,              1,    252.54256800000002 , MaxsatRc2  , 0.156959282  , ok              ,   0.248976468,     24,                        82,           56, 339
0.025640696         ,  4.330935251798561 , 13.399999618530273,                      72,        25,   16, InfiniteSteps180,          ,                 ,    67,         97,  16,               7, stationB8 ,            18,             602,            179,              16,              2,     32.203196000000005, MaxsatRc2  , 0.0021422    , ok              ,   0.027779396,      5,                         4,           76,  16
0.029804196         ,  4.223350253807107 , 13.571428298950195,                     150,        25,   70, InfiniteSteps180,          ,                 ,    68,         72,  70,              11, stationB9 ,            84,             832,            380,              16,              1,     37.115995         , MaxsatRc2  , 0.0034353    , ok              ,   0.033236596,      7,                        29,           27,  70
0.024109496         ,  1.5454545454545454, 12.857142448425293,                     126,        25,   53, InfiniteSteps180,          ,                 ,    69,         52,  53,               4, stationB10,            12,             289,             92,              11,              1,     28.483496         , MaxsatRc2  , 0.0006361    , ok              ,   0.024742396,      7,                         3,           36,  53
0.07409559099999999 ,  6.405031446540881 , 15.399999618530273,                    3202,        25,  415, InfiniteSteps180,          ,                 ,    70,        148, 415,              20, stationB11,           458,            5092,           2442,              46,              1,    176.912577         , MaxsatRc2  , 0.098117286  , ok              ,   0.172211377,     25,                        76,           24, 415
0.04058929400000001 , 11.677350427350428 , 16.214284896850586,                     970,        25,   98, InfiniteSteps180,          ,                 ,    71,        138,  98,              33, stationB12,           368,            5465,           1157,              62,              1,    158.223679         , MaxsatRc2  , 0.114503185  , ok              ,   0.155091379,     14,                        52,           22,  98
