algorithm_time      , avg_time_points   , avg_tracks        , conflicting_visit_pairs, conflicts, cost, delay_cost_type , exit_code, external_status , index, iterations, lb , max_time_points, name      , num_conflicts, num_time_points, num_traveltime, objective_iters, resource_iters, sol_time              , solver_name, solver_time, status          , total_time   , trains, travel_and_resource_iters, travel_iters, ub
0.085254493         , 1.9573612228479484, 20.931034088134766,                    5915,        33,   34, InfiniteSteps180,          ,                 ,     0,        159,  34,              10, origA1    ,           108,            2433,           1092,              12,              1,    103.77669300000001 , MaxsatRc2  , 0.0127161  , ok              ,   0.097969193,     29,                        41,          104,  34
0.096033394         , 3.0               , 19.0              ,                    3735,        33,   37, InfiniteSteps180,          ,                 ,     1,        185,  37,              11, origA2    ,           118,            2925,            894,              37,              1,    175.213687         , MaxsatRc2  , 0.014392998, ok              ,   0.110424892,     25,                        39,          107,  37
0.062751194         , 3.0027322404371586, 22.375            ,                    2061,        33,   14, InfiniteSteps180,          ,                 ,     2,        180,  14,               9, origA3    ,            60,            2198,            691,              14,              1,     81.82129400000001 , MaxsatRc2  , 0.0148326  , ok              ,   0.077577994,     16,                        24,          142,  14
0.041739897         , 2.7717391304347827, 19.214284896850586,                    1175,        33,   22, InfiniteSteps180,          ,                 ,     3,         87,  22,               8, origA4    ,            32,            1530,            408,              22,              1,     50.053796999999996, MaxsatRc2  , 0.0036053  , ok              ,   0.045326997,     14,                         9,           56,  22
0.033924397         , 2.6962025316455698, 19.25             ,                     876,        33,   19, InfiniteSteps180,          ,                 ,     4,         77,  19,               7, origA5    ,            30,            1278,            312,              19,              1,     40.068697         , MaxsatRc2  , 0.0020223  , ok              ,   0.035944497,     12,                         8,           50,  19
0.035969376000000004, 3.526143790849673 , 18.625            ,                     307,        33,   14, InfiniteSteps180,          ,                 ,     5,         62,  14,               7, origA6    ,            12,            1079,            165,              14,              1,     41.518473         , MaxsatRc2  , 0.0012535  , ok              ,   0.037219376,      8,                         3,           45,  14
0.03215238          , 2.861904761904762 , 12.625            ,                     126,        33,   15, InfiniteSteps180,          ,                 ,     6,         80,  15,               5, origA7    ,            14,             601,            175,              15,              1,     37.489176         , MaxsatRc2  , 0.001343499, ok              ,   0.033490479,      8,                         2,           63,  15
0.143374707         , 8.60054347826087  , 19.214284896850586,                    4877,        33,  136, InfiniteSteps180,          ,                 ,     7,        301, 136,              49, origA8    ,          1035,            9495,           4457,              46,              1,    407.682438         , MaxsatRc2  , 0.260252634, ok              ,   0.403625241,     28,                       189,           66, 136
0.063369958         , 3.8686131386861313, 20.049999237060547,                    2616,        33,   40, InfiniteSteps180,          ,                 ,     8,        230,  40,              13, origA9    ,           208,            3180,           1374,              40,              1,     87.361744         , MaxsatRc2  , 0.020184888, ok              ,   0.083553646,     20,                        69,          119,  40
0.075534154         , 4.264566929133858 , 18.176469802856445,                    1632,        33,   33, InfiniteSteps180,          ,                 ,     9,        185,  33,              19, origA10   ,           146,            2708,           1319,              23,              1,    108.67973          , MaxsatRc2  , 0.028560379, ok              ,   0.104091633,     17,                        51,          109,  33
0.13157632400000002 , 3.7745901639344264, 19.83333396911621 ,                    6162,        33,   25, InfiniteSteps180,          ,                 ,    10,        156,  25,              12, origA11   ,           297,            4605,           1939,              25,              1,    200.97517100000002 , MaxsatRc2  , 0.06474285 , ok              ,   0.196317574,     30,                        78,           51,  25
0.126436873         , 5.771704180064309 , 21.714284896850586,                    6393,        33,   29, InfiniteSteps180,          ,                 ,    11,        226,  29,              13, origA12   ,           284,            7180,           2026,              29,              1,    219.49756100000002 , MaxsatRc2  , 0.088513991, ok              ,   0.214949464,     28,                        78,          117,  29
0.033634396999999996, 2.205607476635514 , 17.33333396911621 ,                    2022,        25,    7, InfiniteSteps180,          ,                 ,    12,         92,   7,               5, origB1    ,            10,            1416,            140,               7,              1,     39.314496999999996, MaxsatRc2  , 0.0015169  , ok              ,   0.035148797,     18,                         3,           80,   7
0.025484298000000002, 2.196078431372549 , 14.800000190734863,                      87,        25,    5, InfiniteSteps180,          ,                 ,    13,         38,   5,               3, origB2    ,             2,             336,             33,               5,              1,     30.029598         , MaxsatRc2  , 0.0002742  , ok              ,   0.025754598,      5,                         0,           33,   5
0.030150698         , 3.277456647398844 , 16.799999237060547,                     136,        20,    7, InfiniteSteps180,          ,                 ,    14,         67,   7,               6, origB3    ,            14,             567,            212,               7,              1,     35.492497         , MaxsatRc2  , 0.0010642  , ok              ,   0.031211898,      5,                         4,           56,   7
0.041257297         , 2.89209726443769  , 15.949999809265137,                    2246,        25,  301, InfiniteSteps180,          ,                 ,    15,         91, 301,              17, origB4    ,           138,            1903,            489,              10,              1,     52.116095         , MaxsatRc2  , 0.006116799, ok              ,   0.047370196,     20,                        46,           33, 301
0.019503898000000002, 2.349726775956284 , 17.799999237060547,                     136,        25,    2, InfiniteSteps180,          ,                 ,    16,         52,   2,               4, origB5    ,             6,             430,             63,               2,              1,     22.357998000000002, MaxsatRc2  , 0.0003822  , ok              ,   0.019882298,      5,                         2,           46,   2
0.017483297999999998, 1.0127388535031847, 15.199999809265137,                      93,        25,    2, InfiniteSteps180,          ,                 ,    17,          4,   2,               2, origB6    ,             2,             159,              0,               2,              1,     20.609998         , MaxsatRc2  , 2.67e-05   , ok              ,   0.017508298,      5,                         0,            0,   2
0.047818297         , 3.917989417989418 , 15.25             ,                    2865,        25,  370, InfiniteSteps180,          ,                 ,    18,        122, 370,              24, origB7    ,           446,            2962,           1161,              19,              1,     69.910494         , MaxsatRc2  , 0.018392498, ok              ,   0.066208295,     24,                        50,           51, 370
0.023453101         , 1.014388489208633 , 13.399999618530273,                      72,        25,    6, InfiniteSteps180,          ,                 ,    19,          8,   6,               2, origB8    ,             2,             141,              0,               6,              1,     27.895502         , MaxsatRc2  , 4.45e-05   , ok              ,   0.023495301,      5,                         0,            0,   6
0.031928701999999996, 3.467005076142132 , 13.571428298950195,                     150,        25,   35, InfiniteSteps180,          ,                 ,    20,         66,  35,               9, origB9    ,            32,             683,            267,               8,              1,     37.491902         , MaxsatRc2  , 0.0018253  , ok              ,   0.033751702,      7,                        11,           47,  35
0.032143901999999995, 3.7263157894736842, 11.375            ,                     130,        25,   34, InfiniteSteps180,          ,                 ,    21,         73,  34,              10, origB10   ,            38,             708,            303,              10,              1,     38.126901999999994, MaxsatRc2  , 0.00241    , ok              ,   0.034550102,      8,                        13,           50,  34
0.11959810700000001 , 5.69685534591195  , 15.399999618530273,                    3202,        25,  425, InfiniteSteps180,          ,                 ,    22,        253, 425,              60, origB11   ,          1248,            4529,           2205,              29,              1,    252.70331499999998 , MaxsatRc2  , 0.128829908, ok              ,   0.248426115,     25,                       205,           19, 425
0.028416302         , 2.0405982905982905, 16.214284896850586,                     970,        25,    6, InfiniteSteps180,          ,                 ,    23,         15,   6,               3, origB12   ,             6,             955,             27,               6,              1,     32.578702         , MaxsatRc2  , 0.0001707  , ok              ,   0.028582202,     14,                         0,            9,   6
                    ,                   ,                   ,                        ,          ,     , infsteps180     ,       101, panic           ,    24,           ,    ,                , trackA1   ,              ,                ,               ,                ,               ,   1182                , maxsat_rc2 ,            , panic           ,   1.182      ,       ,                          ,             ,    
                    ,                   ,                   ,                        ,          ,     , infsteps180     ,       101, panic           ,    25,           ,    ,                , trackA2   ,              ,                ,               ,                ,               ,    979                , maxsat_rc2 ,            , panic           ,   0.979      ,       ,                          ,             ,    
0.14623662400000004 , 5.112021857923497 , 22.375            ,                    2061,        33,   18, InfiniteSteps180,          ,                 ,    26,        229,  18,              16, trackA3   ,           308,            3742,           2049,              18,              1,    266.67713999999995 , MaxsatRc2  , 0.115846615, ok              ,   0.262080739,     16,                        71,          140,  18
0.065925309         , 3.7427536231884058, 19.214284896850586,                    1175,        33,   18, InfiniteSteps180,          ,                 ,    27,        149,  18,              12, trackA4   ,           108,            2066,            877,              18,              1,     92.512413         , MaxsatRc2  , 0.021652404, ok              ,   0.087573113,     14,                        29,          102,  18
0.045002607         , 3.369198312236287 , 19.25             ,                     876,        33,   19, InfiniteSteps180,          ,                 ,    28,         92,  19,              11, trackA5   ,            70,            1597,            594,              19,              1,     57.528208         , MaxsatRc2  , 0.007226401, ok              ,   0.052225708,     12,                        22,           51,  19
0.028902305         , 2.30718954248366  , 18.625            ,                     307,        33,   11, InfiniteSteps180,          ,                 ,    29,         30,  11,               6, trackA6   ,            16,             706,             87,              11,              1,     33.626305         , MaxsatRc2  , 0.0004662  , ok              ,   0.029364305,      8,                         3,           16,  11
0.029554205         , 3.3047619047619046, 12.625            ,                     126,        33,   10, InfiniteSteps180,          ,                 ,    30,         63,  10,               7, trackA7   ,            30,             694,            254,              10,              1,     35.533705999999995, MaxsatRc2  , 0.0016061  , ok              ,   0.031156305,      8,                         8,           45,  10
                    ,                   ,                   ,                        ,          ,     , infsteps180     ,       101, panic           ,    31,           ,    ,                , trackA8   ,              ,                ,               ,                ,               ,   9888                , maxsat_rc2 ,            , panic           ,   9.888      ,       ,                          ,             ,    
0.116650919         , 7.806569343065694 , 20.049999237060547,                    2616,        33,   43, InfiniteSteps180,          ,                 ,    32,        284,  43,              20, trackA9   ,           529,            6417,           2772,              43,              2,    204.674634         , MaxsatRc2  , 0.084049514, ok              ,   0.200699233,     20,                       131,          107,  43
0.034383206         , 3.530708661417323 , 18.176469802856445,                    1632,        33,   33, InfiniteSteps180,          ,                 ,    33,         80,  33,              13, trackA10  ,           132,            2242,            862,              19,              1,     42.572407         , MaxsatRc2  , 0.005303201, ok              ,   0.039684307,     17,                        32,           29,  33
                    ,                   ,                   ,                        ,          ,     , infsteps180     ,       124, external_timeout,    34,           ,    ,                , trackA11  ,              ,                ,               ,                ,               , 120237                , maxsat_rc2 ,            , external_timeout, 120.237      ,       ,                          ,             ,    
                    ,                   ,                   ,                        ,          ,     , infsteps180     ,       124, external_timeout,    35,           ,    ,                , trackA12  ,              ,                ,               ,                ,               , 120228                , maxsat_rc2 ,            , external_timeout, 120.228      ,       ,                          ,             ,    
0.07938808          , 4.015576323987539 , 17.33333396911621 ,                    2022,        25,   14, InfiniteSteps180,          ,                 ,    36,         89,  14,              15, trackB1   ,           178,            2578,           1148,              14,              1,    117.817319         , MaxsatRc2  , 0.033545633, ok              ,   0.112928713,     18,                        41,           32,  14
0.032884297         , 3.7908496732026142, 14.800000190734863,                      87,        25,   26, InfiniteSteps180,          ,                 ,    37,         47,  26,               6, trackB2   ,            18,             580,            113,               9,              1,     37.944697         , MaxsatRc2  , 0.0011393  , ok              ,   0.034019197,      5,                         4,           34,  26
0.012215199000000001, 3.023121387283237 , 16.799999237060547,                     136,        20,    4, InfiniteSteps180,          ,                 ,    38,         45,   4,               7, trackB3   ,            24,             523,            159,               4,              1,     14.366199         , MaxsatRc2  , 0.0004377  , ok              ,   0.012650799,      5,                         7,           34,   4
0.11779113200000002 , 6.746200607902735 , 15.949999809265137,                    2246,        25,  341, InfiniteSteps180,          ,                 ,    39,        194, 341,              27, trackB4   ,           403,            4439,           2169,              22,              1,    307.297061         , MaxsatRc2  , 0.184404523, ok              ,   0.302193655,     20,                        96,           74, 341
0.043567048         , 7.628415300546448 , 17.799999237060547,                     136,        25,   11, InfiniteSteps180,          ,                 ,    40,         85,  11,              14, trackB5   ,            82,            1396,            432,              11,              1,     54.013864000000005, MaxsatRc2  , 0.00652781 , ok              ,   0.050090658,      5,                        29,           45,  11
0.015280518000000002, 2.3503184713375798, 15.199999809265137,                      93,        25,    2, InfiniteSteps180,          ,                 ,    41,         21,   2,               5, trackB6   ,             8,             369,             52,               2,              1,     17.866421         , MaxsatRc2  , 0.0001421  , ok              ,   0.015417418,      5,                         1,           18,   2
                    ,                   ,                   ,                        ,          ,     , infsteps180     ,       101, panic           ,    42,           ,    ,                , trackB7   ,              ,                ,               ,                ,               ,   1412                , maxsat_rc2 ,            , panic           ,   1.412      ,       ,                          ,             ,    
0.037229601         , 4.172661870503597 , 13.399999618530273,                      72,        25,   12, InfiniteSteps180,          ,                 ,    43,        103,  12,              11, trackB8   ,            36,             580,            273,              12,              2,     46.046802         , MaxsatRc2  , 0.0040018  , ok              ,   0.041227401,      5,                        14,           76,  12
0.034822552         , 5.944162436548224 , 13.571428298950195,                     150,        25,   51, InfiniteSteps180,          ,                 ,    44,         79,  51,              16, trackB9   ,            98,            1171,            505,              10,              1,     44.73594          , MaxsatRc2  , 0.005806093, ok              ,   0.040625145,      7,                        35,           34,  51
0.018072875999999998, 2.1390374331550803, 12.857142448425293,                     126,        25,   41, InfiniteSteps180,          ,                 ,    45,         15,  41,               3, trackB10  ,             6,             400,             27,               6,              1,     21.957771         , MaxsatRc2  , 8.52e-05   , ok              ,   0.018154776,      7,                         0,            9,  41
0.12195123599999999 , 5.669182389937107 , 15.399999618530273,                    3202,        25,  391, InfiniteSteps180,          ,                 ,    46,        177, 391,              19, trackB11  ,           375,            4507,           1858,              26,              2,    262.372748         , MaxsatRc2  , 0.135619218, ok              ,   0.257565854,     25,                        82,           66, 391
0.083223885         , 6.435897435897436 , 16.214284896850586,                     970,        25,   88, InfiniteSteps180,          ,                 ,    47,        140,  88,              25, trackB12  ,           280,            3012,            938,              41,              2,    220.826703         , MaxsatRc2  , 0.132780825, ok              ,   0.21600291 ,     14,                        66,           32,  88
0.199349636         , 7.180209171359614 , 20.931034088134766,                    5915,        33,   81, InfiniteSteps180,          ,                 ,    48,        346,  81,              22, stationA1 ,          1090,            8925,           5783,              46,              1,    678.407588         , MaxsatRc2  , 0.475647558, ok              ,   0.674995794,     29,                       211,           87,  81
0.1477327           , 7.761025641025641 , 19.0              ,                    3735,        33,   59, InfiniteSteps180,          ,                 ,    49,        299,  59,              28, stationA2 ,           990,            7567,           4050,              59,              1,    453.582001         , MaxsatRc2  , 0.301117501, ok              ,   0.448848801,     25,                       172,           66,  59
0.12581633800000003 , 6.924863387978142 , 22.375            ,                    2061,        33,   26, InfiniteSteps180,          ,                 ,    50,        217,  26,              21, stationA3 ,           369,            5069,           2610,              26,              1,    241.17281          , MaxsatRc2  , 0.110692481, ok              ,   0.236506519,     16,                        97,           92,  26
0.077621643         , 4.096014492753623 , 19.214284896850586,                    1175,        33,   22, InfiniteSteps180,          ,                 ,    51,        133,  22,              13, stationA4 ,           142,            2261,           1049,              22,              1,    115.155066         , MaxsatRc2  , 0.032742933, ok              ,   0.110360876,     14,                        43,           66,  22
0.05648178399999999 , 4.044303797468355 , 19.25             ,                     876,        33,   23, InfiniteSteps180,          ,                 ,    52,        108,  23,              12, stationA5 ,           118,            1917,            873,              23,              1,     77.804442         , MaxsatRc2  , 0.016616168, ok              ,   0.073094952,     12,                        39,           46,  23
0.031767835         , 2.633986928104575 , 18.625            ,                     307,        33,   15, InfiniteSteps180,          ,                 ,    53,         54,  15,               6, stationA6 ,            18,             806,            184,              15,              1,     37.487723         , MaxsatRc2  , 0.001184998, ok              ,   0.032948933,      8,                         5,           34,  15
0.03899979          , 3.823809523809524 , 12.625            ,                     126,        33,   16, InfiniteSteps180,          ,                 ,    54,        107,  16,               8, stationA7 ,            28,             803,            365,              16,              1,     48.01739          , MaxsatRc2  , 0.0049224  , ok              ,   0.04391759 ,      8,                         9,           82,  16
                    ,                   ,                   ,                        ,          ,     , infsteps180     ,       101, panic           ,    55,           ,    ,                , stationA8 ,              ,                ,               ,                ,               ,  83969                , maxsat_rc2 ,            , panic           ,  83.969      ,       ,                          ,             ,    
0.10499811299999999 , 6.828467153284672 , 20.049999237060547,                    2616,        33,   49, InfiniteSteps180,          ,                 ,    56,        228,  49,              24, stationA9 ,           527,            5613,           2783,              49,              1,    205.935728         , MaxsatRc2  , 0.096236215, ok              ,   0.201233028,     20,                       123,           54,  49
0.074083011         , 5.247244094488189 , 18.176469802856445,                    1632,        33,   41, InfiniteSteps180,          ,                 ,    57,        155,  41,              20, stationA10,           220,            3332,           1267,              27,              1,    118.835016         , MaxsatRc2  , 0.040396905, ok              ,   0.114476316,     17,                        59,           67,  41
                    ,                   ,                   ,                        ,          ,     , infsteps180     ,       124, external_timeout,    58,           ,    ,                , stationA11,              ,                ,               ,                ,               , 120227                , maxsat_rc2 ,            , external_timeout, 120.227      ,       ,                          ,             ,    
                    ,                   ,                   ,                        ,          ,     , infsteps180     ,       124, external_timeout,    59,           ,    ,                , stationA12,              ,                ,               ,                ,               , 120231                , maxsat_rc2 ,            , external_timeout, 120.231      ,       ,                          ,             ,    
0.11966969899999999 , 6.165109034267913 , 17.33333396911621 ,                    2022,        25,   30, InfiniteSteps180,          ,                 ,    60,        166,  30,              17, stationB1 ,           267,            3958,           1837,              30,              1,    272.523395         , MaxsatRc2  , 0.148470896, ok              ,   0.268138095,     18,                        66,           68,  30
0.0284445           , 3.8366013071895426, 14.800000190734863,                      87,        25,   29, InfiniteSteps180,          ,                 ,    61,         50,  29,               6, stationB2 ,            20,             587,            118,              12,              1,     32.668            , MaxsatRc2  , 0.0011055  , ok              ,   0.0295468  ,      5,                         5,           33,  29
0.0289139           , 3.138728323699422 , 16.799999237060547,                     136,        20,    6, InfiniteSteps180,          ,                 ,    62,         64,   6,               7, stationB3 ,            14,             543,            188,               6,              1,     34.3699           , MaxsatRc2  , 0.0010584  , ok              ,   0.0299689  ,      5,                         2,           56,   6
0.09290029999999999 , 5.326747720364741 , 15.949999809265137,                    2246,        25,  355, InfiniteSteps180,          ,                 ,    63,        181, 355,              18, stationB4 ,           395,            3505,           1924,              34,              1,    199.568797         , MaxsatRc2  , 0.102100997, ok              ,   0.194999497,     20,                        78,           67, 355
0.0227575           , 5.748633879781421 , 17.799999237060547,                     136,        25,   10, InfiniteSteps180,          ,                 ,    64,         76,  10,              15, stationB5 ,            64,            1052,            450,              10,              1,     28.9354           , MaxsatRc2  , 0.003303   , ok              ,   0.0260586  ,      5,                        26,           40,  10
0.0273008           , 2.4713375796178343, 15.199999809265137,                      93,        25,    5, InfiniteSteps180,          ,                 ,    65,         43,   5,               3, stationB6 ,             6,             388,             73,               5,              1,     31.930500000000002, MaxsatRc2  , 0.000422   , ok              ,   0.0277189  ,      5,                         0,           38,   5
                    ,                   ,                   ,                        ,          ,     , infsteps180     ,       101, panic           ,    66,           ,    ,                , stationB7 ,              ,                ,               ,                ,               ,   1273                , maxsat_rc2 ,            , panic           ,   1.273      ,       ,                          ,             ,    
0.022839298         , 3.5107913669064748, 13.399999618530273,                      72,        25,   16, InfiniteSteps180,          ,                 ,    67,         90,  16,               7, stationB8 ,            22,             488,            194,              16,              1,     28.004597999999998, MaxsatRc2  , 0.0017282  , ok              ,   0.024565698,      5,                         7,           67,  16
0.028518998         , 4.096446700507614 , 13.571428298950195,                     150,        25,   70, InfiniteSteps180,          ,                 ,    68,         69,  70,              10, stationB9 ,            82,             807,            347,              16,              1,     34.782398         , MaxsatRc2  , 0.0023048  , ok              ,   0.030820598,      7,                        29,           24,  70
0.026065898         , 2.4545454545454546, 12.857142448425293,                     126,        25,   53, InfiniteSteps180,          ,                 ,    69,         49,  53,               5, stationB10,             8,             459,             84,              11,              1,     29.480698         , MaxsatRc2  , 0.0004306  , ok              ,   0.026493398,      7,                         1,           37,  53
                    ,                   ,                   ,                        ,          ,     , infsteps180     ,       101, panic           ,    70,           ,    ,                , stationB11,              ,                ,               ,                ,               ,   1682                , maxsat_rc2 ,            , panic           ,   1.682      ,       ,                          ,             ,    
0.061893296999999986, 7.7905982905982905, 16.214284896850586,                     970,        25,   98, InfiniteSteps180,          ,                 ,    71,        145,  98,              33, stationB12,           330,            3646,           1089,              62,              1,    210.368788         , MaxsatRc2  , 0.144055291, ok              ,   0.205947288,     14,                        51,           30,  98
