algorithm_time      , avg_time_points   , avg_tracks        , conflicting_visit_pairs, conflicts, cost, delay_cost_type, exit_code, external_status, index, iterations, lb, max_time_points, name      , num_conflicts, num_time_points, num_traveltime, objective_iters, resource_iters, sol_time            , solver_name, solver_time, status, total_time , trains, travel_and_resource_iters, travel_iters, ub
0.031384618999999996, 1.5253419147224456, 20.931034088134766,                    5915,        33,   11, FiniteSteps123 ,          ,                ,     0,        127, 11,               7, origA1    ,            62,            1896,            593,              11,              1,   39.192423999999995, MaxsatRc2  , 0.005367504, ok    , 0.036749723,     29,                        24,           90, 11
0.06528964200000001 , 1.641025641025641 , 19.0              ,                    3735,        33,   25, FiniteSteps123 ,          ,                ,     1,        102, 25,               6, origA2    ,            80,            1600,            549,              25,              1,   77.181947         , MaxsatRc2  , 0.006752602, ok    , 0.072039244,     25,                        22,           53, 25
0.059756793999999995, 2.7336065573770494, 22.375            ,                    2061,        33,   10, FiniteSteps123 ,          ,                ,     2,        101, 10,               9, origA3    ,            46,            2001,            508,              10,              2,   72.739691         , MaxsatRc2  , 0.007471598, ok    , 0.067224492,     16,                        16,           72, 10
0.067133292         , 3.003623188405797 , 19.214284896850586,                    1175,        33,   17, FiniteSteps123 ,          ,                ,     3,        135, 17,               7, origA4    ,            44,            1658,            524,              17,              1,   85.31289100000001 , MaxsatRc2  , 0.012332699, ok    , 0.079462491,     14,                        15,          103, 17
0.017735498         , 2.5464135021097047, 19.25             ,                     876,        33,   15, FiniteSteps123 ,          ,                ,     4,         73, 15,               5, origA5    ,            22,            1207,            249,              15,              1,   20.646497999999998, MaxsatRc2  , 0.0011357  , ok    , 0.018868798,     12,                         6,           52, 15
0.055964094         , 2.5294117647058822, 18.625            ,                     307,        33,   10, FiniteSteps123 ,          ,                ,     5,         66, 10,               6, origA6    ,            12,             774,            158,              10,              1,   63.893393         , MaxsatRc2  , 0.0016279  , ok    , 0.057588594,      8,                         3,           53, 10
0.010859999         , 1.0476190476190477, 12.625            ,                     126,        33,   10, FiniteSteps123 ,          ,                ,     6,         12, 10,               2, origA7    ,            10,             220,              0,              10,              1,   12.889598000000001, MaxsatRc2  , 3.68e-05   , ok    , 0.010895099,      8,                         0,            0, 10
                    ,                   ,                   ,                        ,          ,     , finsteps123    ,       101, panic          ,     7,           ,   ,                , origA8    ,              ,                ,               ,                ,               ,  462                , maxsat_rc2 ,            , panic , 0.462      ,       ,                          ,             ,   
0.05851269299999999 , 2.0802919708029197, 20.049999237060547,                    2616,        33,   18, FiniteSteps123 ,          ,                ,     8,         87, 18,              10, origA9    ,           112,            1710,            785,              18,              1,   69.857492         , MaxsatRc2  , 0.006949699, ok    , 0.065458292,     20,                        33,           34, 18
0.032830854         , 2.9385826771653543, 18.176469802856445,                    1632,        33,   17, FiniteSteps123 ,          ,                ,     9,        100, 17,              10, origA10   ,            82,            1866,            534,              17,              1,   39.824127000000004, MaxsatRc2  , 0.004487483, ok    , 0.037315737,     17,                        25,           56, 17
0.073035184         , 3.7852459016393443, 19.83333396911621 ,                    6162,        33,   23, FiniteSteps123 ,          ,                ,    10,        124, 23,              12, origA11   ,           324,            4618,           1932,              23,              1,  107.459132         , MaxsatRc2  , 0.030989463, ok    , 0.104022047,     30,                        78,           21, 23
0.11975007299999998 , 3.9983922829581995, 21.714284896850586,                    6393,        33,   24, FiniteSteps123 ,          ,                ,    11,        182, 24,              15, origA12   ,           278,            4974,           2253,              24,              1,  180.068715         , MaxsatRc2  , 0.054737167, ok    , 0.17448514 ,     28,                        82,           74, 24
0.035177904         , 1.1199376947040498, 17.33333396911621 ,                    2022,        25,    4, FiniteSteps123 ,          ,                ,    12,         39,  4,               4, origB1    ,             8,             719,             69,               4,              1,   41.399704         , MaxsatRc2  , 0.0002323  , ok    , 0.035408704,     18,                         2,           31,  4
0.014764402         , 2.477124183006536 , 14.800000190734863,                      87,        25,    5, FiniteSteps123 ,          ,                ,    13,         53,  5,               5, origB2    ,             8,             379,             70,               5,              1,   17.222602         , MaxsatRc2  , 0.0002278  , ok    , 0.014990402,      5,                         3,           45,  5
0.014132401         , 2.9710982658959537, 16.799999237060547,                     136,        20,    5, FiniteSteps123 ,          ,                ,    14,         53,  5,               7, origB3    ,            14,             514,            159,               5,              1,   16.397702         , MaxsatRc2  , 0.0004279  , ok    , 0.014558701,      5,                         4,           42,  5
0.05442190799999999 , 2.8875379939209727, 15.949999809265137,                    2246,        25,   16, FiniteSteps123 ,          ,                ,    15,        107, 16,              14, origB4    ,           154,            1900,            466,              16,              1,   69.680608         , MaxsatRc2  , 0.0094969  , ok    , 0.063901408,     20,                        44,           47, 16
0.037330003         , 2.568306010928962 , 17.799999237060547,                     136,        25,    2, FiniteSteps123 ,          ,                ,    16,         73,  2,               5, origB5    ,             8,             470,            101,               2,              1,   43.887803000000005, MaxsatRc2  , 0.0009578  , ok    , 0.038282803,      5,                         3,           66,  2
0.029794002         , 1.0127388535031847, 15.199999809265137,                      93,        25,    2, FiniteSteps123 ,          ,                ,    17,          4,  2,               2, origB6    ,             2,             159,              0,               2,              1,   35.207202         , MaxsatRc2  , 4.8e-05    , ok    , 0.029839102,      5,                         0,            0,  2
0.045301804         , 3.6904761904761907, 15.25             ,                    2865,        25,   25, FiniteSteps123 ,          ,                ,    18,         78, 25,              22, origB7    ,           377,            2790,           1032,              25,              1,   57.766204         , MaxsatRc2  , 0.0086141  , ok    , 0.053913404,     24,                        51,            2, 25
0.018479700999999998, 1.014388489208633 , 13.399999618530273,                      72,        25,    6, FiniteSteps123 ,          ,                ,    19,          8,  6,               2, origB8    ,             2,             141,              0,               6,              1,   21.522901         , MaxsatRc2  , 3.96e-05   , ok    , 0.018517101,      5,                         0,            0,  6
0.039670303000000004, 3.5583756345177666, 13.571428298950195,                     150,        25,    7, FiniteSteps123 ,          ,                ,    20,         62,  7,              10, origB9    ,            34,             701,            281,               7,              1,   46.851503         , MaxsatRc2  , 0.0025472  , ok    , 0.042213903,      7,                        12,           43,  7
0.033152002         , 3.636842105263158 , 11.375            ,                     130,        25,   10, FiniteSteps123 ,          ,                ,    21,         55, 10,               9, origB10   ,            34,             691,            286,              10,              1,   39.117902         , MaxsatRc2  , 0.0014145  , ok    , 0.034563602,      8,                        11,           34, 10
0.08518287399999999 , 3.5044025157232706, 15.399999618530273,                    3202,        25,   23, FiniteSteps123 ,          ,                ,    22,        192, 23,              29, origB11   ,           424,            2786,            911,              23,              1,  119.691805         , MaxsatRc2  , 0.029649956, ok    , 0.11483103 ,     25,                        46,          123, 23
0.023309986999999997, 2.621794871794872 , 16.214284896850586,                     970,        25,    6, FiniteSteps123 ,          ,                ,    23,         54,  6,               9, origB12   ,            50,            1227,            257,               6,              1,   28.11216          , MaxsatRc2  , 0.000782593, ok    , 0.02409038 ,     14,                        19,           29,  6
0.14949695400000002 , 5.120675784392598 , 20.931034088134766,                    5915,        33,   23, FiniteSteps123 ,          ,                ,    24,        217, 23,              21, trackA1   ,           637,            6365,           3430,              23,              1,  243.98778800000002 , MaxsatRc2  , 0.090085556, ok    , 0.23958101 ,     29,                       136,           56, 23
                    ,                   ,                   ,                        ,          ,     , finsteps123    ,       101, panic          ,    25,           ,   ,                , trackA2   ,              ,                ,               ,                ,               ,  664                , maxsat_rc2 ,            , panic , 0.664      ,       ,                          ,             ,   
0.10165069300000001 , 4.923497267759563 , 22.375            ,                    2061,        33,   15, FiniteSteps123 ,          ,                ,    26,        231, 15,              17, trackA3   ,           277,            3604,           1946,              15,              2,  151.48334799999998 , MaxsatRc2  , 0.045277977, ok    , 0.14692727 ,     16,                        65,          148, 15
0.03912611          , 3.51268115942029  , 19.214284896850586,                    1175,        33,   15, FiniteSteps123 ,          ,                ,    27,         98, 15,              11, trackA4   ,            98,            1939,            756,              15,              2,   50.480948999999995, MaxsatRc2  , 0.007887157, ok    , 0.047010767,     14,                        26,           54, 15
0.0404056           , 2.9683544303797467, 19.25             ,                     876,        33,   12, FiniteSteps123 ,          ,                ,    28,         60, 12,              11, trackA5   ,            64,            1407,            412,              12,              1,   48.1214           , MaxsatRc2  , 0.002686   , ok    , 0.0430875  ,     12,                        19,           29, 12
0.032780896000000004, 2.7483660130718954, 18.625            ,                     307,        33,    8, FiniteSteps123 ,          ,                ,    29,         54,  8,               8, trackA6   ,            32,             841,            209,               8,              1,   38.874896         , MaxsatRc2  , 0.0013498  , ok    , 0.034125996,      8,                        11,           35,  8
0.031550896         , 2.8904761904761904, 12.625            ,                     126,        33,    8, FiniteSteps123 ,          ,                ,    30,         41,  8,               7, trackA7   ,            24,             607,            172,               8,              1,   37.369596         , MaxsatRc2  , 0.0008564  , ok    , 0.032403896,      8,                         6,           27,  8
                    ,                   ,                   ,                        ,          ,     , finsteps123    ,       101, panic          ,    31,           ,   ,                , trackA8   ,              ,                ,               ,                ,               , 1276                , maxsat_rc2 ,            , panic , 1.276      ,       ,                          ,             ,   
0.08913329          , 4.193430656934306 , 20.049999237060547,                    2616,        33,   25, FiniteSteps123 ,          ,                ,    32,        168, 25,              17, trackA9   ,           291,            3447,           1573,              25,              1,  125.125885         , MaxsatRc2  , 0.031010995, ok    , 0.120142585,     20,                        71,           70, 25
0.050554695         , 3.1653543307086616, 18.176469802856445,                    1632,        33,   17, FiniteSteps123 ,          ,                ,    33,         63, 17,              13, trackA10  ,           124,            2010,            639,              17,              1,   59.334393         , MaxsatRc2  , 0.004325499, ok    , 0.054876694,     17,                        29,           17, 17
                    ,                   ,                   ,                        ,          ,     , finsteps123    ,       101, panic          ,    34,           ,   ,                , trackA11  ,              ,                ,               ,                ,               , 1387                , maxsat_rc2 ,            , panic , 1.387      ,       ,                          ,             ,   
                    ,                   ,                   ,                        ,          ,     , finsteps123    ,       101, panic          ,    35,           ,   ,                , trackA12  ,              ,                ,               ,                ,               , 1478                , maxsat_rc2 ,            , panic , 1.478      ,       ,                          ,             ,   
0.058346671         , 3.2601246105919004, 17.33333396911621 ,                    2022,        25,   13, FiniteSteps123 ,          ,                ,    36,         92, 13,               7, trackB1   ,            83,            2093,            747,              13,              1,   73.01996299999999 , MaxsatRc2  , 0.009343595, ok    , 0.067685566,     18,                        20,           59, 13
0.01955549          , 2.803921568627451 , 14.800000190734863,                      87,        25,    5, FiniteSteps123 ,          ,                ,    37,         43,  5,               6, trackB2   ,            18,             429,            110,               5,              1,   22.777788         , MaxsatRc2  , 0.000452   , ok    , 0.02000499 ,      5,                         4,           34,  5
0.032915583000000005, 3.421965317919075 , 16.799999237060547,                     136,        20,    4, FiniteSteps123 ,          ,                ,    38,         53,  4,               8, trackB3   ,            38,             592,            216,               4,              1,   39.43088          , MaxsatRc2  , 0.001640499, ok    , 0.034488482,      5,                        12,           37,  4
0.079420461         , 4.7097264437689965, 15.949999809265137,                    2246,        25,   19, FiniteSteps123 ,          ,                ,    39,        127, 19,              23, trackB4   ,           317,            3099,           1534,              19,              1,  122.740138         , MaxsatRc2  , 0.03882168 , ok    , 0.118240441,     20,                        80,           26, 19
0.033751884         , 3.9508196721311477, 17.799999237060547,                     136,        25,    7, FiniteSteps123 ,          ,                ,    40,         52,  7,               8, trackB5   ,            56,             723,            313,               7,              1,   40.450680000000006, MaxsatRc2  , 0.002429798, ok    , 0.036175882,      5,                        19,           26,  7
0.025651385999999998, 2.643312101910828 , 15.199999809265137,                      93,        25,    2, FiniteSteps123 ,          ,                ,    41,         40,  2,               5, trackB6   ,             8,             415,             98,               2,              1,   30.046384         , MaxsatRc2  , 0.0005372  , ok    , 0.026185286,      5,                         1,           37,  2
                    ,                   ,                   ,                        ,          ,     , finsteps123    ,       101, panic          ,    42,           ,   ,                , trackB7   ,              ,                ,               ,                ,               ,  870                , maxsat_rc2 ,            , panic , 0.87       ,       ,                          ,             ,   
0.021620088         , 3.9568345323741005, 13.399999618530273,                      72,        25,    8, FiniteSteps123 ,          ,                ,    43,         93,  8,              10, trackB8   ,            28,             550,            250,               8,              1,   26.432186         , MaxsatRc2  , 0.0017221  , ok    , 0.023340088,      5,                        11,           72,  8
0.021409689000000003, 4.071065989847716 , 13.571428298950195,                     150,        25,    9, FiniteSteps123 ,          ,                ,    44,         62,  9,              10, trackB9   ,            78,             802,            341,               9,              1,   26.145786         , MaxsatRc2  , 0.002237298, ok    , 0.023644887,      7,                        29,           22,  9
0.025021686999999997, 2.283422459893048 , 12.857142448425293,                     126,        25,    8, FiniteSteps123 ,          ,                ,    45,         24,  8,               5, trackB10  ,            10,             427,             50,               8,              1,   29.370784         , MaxsatRc2  , 0.0001639  , ok    , 0.025181587,      7,                         2,           14,  8
                    ,                   ,                   ,                        ,          ,     , finsteps123    ,       101, panic          ,    46,           ,   ,                , trackB11  ,              ,                ,               ,                ,               ,  973                , maxsat_rc2 ,            , panic , 0.973      ,       ,                          ,             ,   
0.030925883         , 3.9337606837606836, 16.214284896850586,                     970,        25,   16, FiniteSteps123 ,          ,                ,    47,         88, 16,              14, trackB12  ,           168,            1841,            771,              16,              1,   39.543779         , MaxsatRc2  , 0.005925197, ok    , 0.03684898 ,     14,                        41,           29, 16
0.175030894         , 7.157683024939662 , 20.931034088134766,                    5915,        33,   37, FiniteSteps123 ,          ,                ,    48,        339, 37,              35, stationA1 ,          1344,            8897,           5604,              37,              1,  465.755326         , MaxsatRc2  , 0.285536012, ok    , 0.460565106,     29,                       231,           71, 37
0.127974402         , 6.4912820512820515, 19.0              ,                    3735,        33,   40, FiniteSteps123 ,          ,                ,    49,        264, 40,              22, stationA2 ,           782,            6329,           3826,              40,              1,  235.310823         , MaxsatRc2  , 0.103914607, ok    , 0.231887609,     25,                       155,           67, 40
0.142129761         , 4.718579234972678 , 22.375            ,                    2061,        33,   19, FiniteSteps123 ,          ,                ,    50,        182, 19,              14, stationA3 ,           214,            3454,           1813,              19,              1,  233.314915         , MaxsatRc2  , 0.086030034, ok    , 0.228155295,     16,                        53,          108, 19
0.076248602         , 4.271739130434782 , 19.214284896850586,                    1175,        33,   17, FiniteSteps123 ,          ,                ,    51,        147, 17,              21, stationA4 ,           156,            2358,           1128,              17,              1,  105.146912         , MaxsatRc2  , 0.023566089, ok    , 0.099810991,     14,                        48,           80, 17
0.04819129          , 3.7067510548523206, 19.25             ,                     876,        33,   16, FiniteSteps123 ,          ,                ,    52,        102, 16,              13, stationA5 ,           102,            1757,            728,              16,              1,   63.09308399999999 , MaxsatRc2  , 0.010296895, ok    , 0.058483785,     12,                        32,           52, 16
0.027358893         , 2.650326797385621 , 18.625            ,                     307,        33,   10, FiniteSteps123 ,          ,                ,    53,         48, 10,               8, stationA6 ,            30,             811,            179,              10,              1,   31.787792000000003, MaxsatRc2  , 0.0008842  , ok    , 0.028230393,      8,                        11,           27, 10
0.033144703         , 3.1857142857142855, 12.625            ,                     126,        33,   12, FiniteSteps123 ,          ,                ,    54,         53, 12,               6, stationA7 ,            24,             669,            234,              12,              1,   38.777803999999996, MaxsatRc2  , 0.0011919  , ok    , 0.034332003,      8,                         7,           34, 12
                    ,                   ,                   ,                        ,          ,     , finsteps123    ,       101, panic          ,    55,           ,   ,                , stationA8 ,              ,                ,               ,                ,               , 1763                , maxsat_rc2 ,            , panic , 1.763      ,       ,                          ,             ,   
0.09717410800000001 , 4.969586374695864 , 20.049999237060547,                    2616,        33,   27, FiniteSteps123 ,          ,                ,    56,        196, 27,              24, stationA9 ,           371,            4085,           2154,              27,              1,  145.69581200000002 , MaxsatRc2  , 0.045294004, ok    , 0.142466212,     20,                        92,           75, 27
0.062102305000000003, 3.836220472440945 , 18.176469802856445,                    1632,        33,   21, FiniteSteps123 ,          ,                ,    57,        111, 21,              22, stationA10,           206,            2436,            996,              21,              2,   82.25330699999999 , MaxsatRc2  , 0.014950502, ok    , 0.077049407,     17,                        58,           29, 21
                    ,                   ,                   ,                        ,          ,     , finsteps123    ,       101, panic          ,    58,           ,   ,                , stationA11,              ,                ,               ,                ,               , 1680                , maxsat_rc2 ,            , panic , 1.68       ,       ,                          ,             ,   
                    ,                   ,                   ,                        ,          ,     , finsteps123    ,       101, panic          ,    59,           ,   ,                , stationA12,              ,                ,               ,                ,               , 1882                , maxsat_rc2 ,            , panic , 1.882      ,       ,                          ,             ,   
0.055246821999999994, 3.7850467289719627, 17.33333396911621 ,                    2022,        25,   19, FiniteSteps123 ,          ,                ,    60,         90, 19,              10, stationB1 ,           168,            2430,           1013,              19,              1,   72.463333         , MaxsatRc2  , 0.012531409, ok    , 0.067776031,     18,                        33,           36, 19
0.030834912         , 2.849673202614379 , 14.800000190734863,                      87,        25,    7, FiniteSteps123 ,          ,                ,    61,         45,  7,               7, stationB2 ,            22,             436,            114,               7,              1,   36.544417         , MaxsatRc2  , 0.000942602, ok    , 0.031774314,      5,                         6,           32,  7
0.030326514000000002, 3.7745664739884393, 16.799999237060547,                     136,        20,    5, FiniteSteps123 ,          ,                ,    62,         61,  5,               9, stationB3 ,            30,             653,            283,               5,              1,   36.133417         , MaxsatRc2  , 0.001936601, ok    , 0.032259215,      5,                         9,           47,  5
0.08162834000000001 , 4.36322188449848  , 15.949999809265137,                    2246,        25,   31, FiniteSteps123 ,          ,                ,    63,        129, 31,              11, stationB4 ,           258,            2871,           1382,              31,              1,  112.879651         , MaxsatRc2  , 0.02790991 , ok    , 0.10953595 ,     20,                        51,           45, 31
0.030873419         , 4.377049180327869 , 17.799999237060547,                     136,        25,    6, FiniteSteps123 ,          ,                ,    64,         48,  6,              13, stationB5 ,            74,             801,            372,               6,              1,   37.031622         , MaxsatRc2  , 0.002340001, ok    , 0.03320932 ,      5,                        27,           15,  6
0.026370416         , 2.8980891719745223, 15.199999809265137,                      93,        25,    5, FiniteSteps123 ,          ,                ,    65,         48,  5,               5, stationB6 ,            12,             455,            135,               5,              1,   30.833719         , MaxsatRc2  , 0.0006294  , ok    , 0.026996616,      5,                         3,           40,  5
                    ,                   ,                   ,                        ,          ,     , finsteps123    ,       101, panic          ,    66,           ,   ,                , stationB7 ,              ,                ,               ,                ,               , 1260                , maxsat_rc2 ,            , panic , 1.26       ,       ,                          ,             ,   
0.01661241          , 3.179856115107914 , 13.399999618530273,                      72,        25,   10, FiniteSteps123 ,          ,                ,    67,         55, 10,               6, stationB8 ,            16,             442,            154,              10,              1,   19.465512         , MaxsatRc2  , 0.000644301, ok    , 0.017254311,      5,                         4,           41, 10
0.034882421999999996, 3.5076142131979697, 13.571428298950195,                     150,        25,   11, FiniteSteps123 ,          ,                ,    68,         49, 11,               7, stationB9 ,            46,             691,            258,              11,              1,   41.127024999999996, MaxsatRc2  , 0.001915301, ok    , 0.036793523,      7,                        16,           22, 11
0.027773316000000003, 2.641711229946524 , 12.857142448425293,                     126,        25,   11, FiniteSteps123 ,          ,                ,    69,         49, 11,               6, stationB10,            16,             494,            111,              11,              1,   32.136419         , MaxsatRc2  , 0.000516001, ok    , 0.028285817,      7,                         5,           33, 11
0.110767474         , 4.733333333333333 , 15.399999618530273,                    3202,        25,   44, FiniteSteps123 ,          ,                ,    70,        158, 44,              16, stationB11,           411,            3763,           1904,              44,              1,  166.433902         , MaxsatRc2  , 0.051636826, ok    , 0.1624028  ,     25,                        71,           43, 44
0.053509294         , 4.194444444444445 , 16.214284896850586,                     970,        25,   19, FiniteSteps123 ,          ,                ,    71,         87, 19,              20, stationB12,           219,            1963,            844,              19,              1,   76.36219399999999 , MaxsatRc2  , 0.0181735  , ok    , 0.071677894,     14,                        44,           24, 19
