algorithm_time       , avg_time_points   , avg_tracks        , conflicting_visit_pairs, conflicts, cost, delay_cost_type , exit_code, external_status , index, iterations, lb , max_time_points, name      , num_conflicts, num_time_points, num_traveltime, objective_iters, resource_iters, sol_time               , solver_name, solver_time, status          , total_time   , trains, travel_and_resource_iters, travel_iters, ub
0.016362402          , 1.7811745776347547, 20.931034088134766,                    5915,        33,   34, InfiniteSteps180,          ,                 ,     0,        143,  34,              11, origA1    ,            90,            2214,            891,              12,              1,     21.875202          , MaxsatRc2  , 0.0035685  , ok              ,   0.019930102,     29,                        33,           96,  34
0.024372103          , 2.0676923076923077, 19.0              ,                    3735,        33,   37, InfiniteSteps180,          ,                 ,     1,        171,  37,              14, origA2    ,           118,            2016,            935,              37,              1,     32.454704          , MaxsatRc2  , 0.0059364  , ok              ,   0.030307903,     25,                        39,           93,  37
0.018423302          , 2.1420765027322406, 22.375            ,                    2061,        33,   14, InfiniteSteps180,          ,                 ,     2,        181,  14,               7, origA3    ,            66,            1568,            772,              14,              1,     24.693603000000003 , MaxsatRc2  , 0.004420601, ok              ,   0.022843103,     16,                        25,          142,  14
0.012035901          , 1.815217391304348 , 19.214284896850586,                    1175,        33,   22, InfiniteSteps180,          ,                 ,     3,         85,  22,               7, origA4    ,            34,            1002,            416,              22,              1,     14.768201          , MaxsatRc2  , 0.0010613  , ok              ,   0.013096301,     14,                         9,           54,  22
0.008602401          , 1.7848101265822784, 19.25             ,                     876,        33,   19, InfiniteSteps180,          ,                 ,     4,         77,  19,               9, origA5    ,            30,             846,            342,              19,              1,     10.652600999999999 , MaxsatRc2  , 0.0006804  , ok              ,   0.009281901,     12,                         8,           50,  19
0.006904701          , 1.738562091503268 , 18.625            ,                     307,        33,   14, InfiniteSteps180,          ,                 ,     5,         89,  14,               6, origA6    ,            14,             532,            213,              14,              1,      8.523800999999999 , MaxsatRc2  , 0.0005602  , ok              ,   0.007464001,      8,                         4,           69,  14
0.006347201          , 2.080952380952381 , 12.625            ,                     126,        33,   15, InfiniteSteps180,          ,                 ,     6,         80,  15,               6, origA7    ,            20,             437,            207,              15,              1,      7.740901          , MaxsatRc2  , 0.0004187  , ok              ,   0.006764901,      8,                         5,           60,  15
0.08130100900000001  , 6.216485507246377 , 19.214284896850586,                    4877,        33,  136, InfiniteSteps180,          ,                 ,     7,        348, 136,              40, origA8    ,          1109,            6863,           4981,              46,              1,    274.74333099999996  , MaxsatRc2  , 0.191414122, ok              ,   0.272714031,     28,                       218,           82, 136
0.026768802          , 3.010948905109489 , 20.049999237060547,                    2616,        33,   40, InfiniteSteps180,          ,                 ,     8,        222,  40,              15, origA9    ,           222,            2475,           1460,              40,              1,     40.895304          , MaxsatRc2  , 0.012339202, ok              ,   0.039107204,     20,                        69,          111,  40
0.017987602999999998 , 3.220472440944882 , 18.176469802856445,                    1632,        33,   33, InfiniteSteps180,          ,                 ,     9,        182,  33,              16, origA10   ,           140,            2045,           1285,              23,              1,     26.739403          , MaxsatRc2  , 0.0069174  , ok              ,   0.024904203,     17,                        50,          107,  33
0.027065604          , 2.314754098360656 , 19.83333396911621 ,                    6162,        33,   25, InfiniteSteps180,          ,                 ,    10,        145,  25,              12, origA11   ,           237,            2824,           1394,              25,              1,     40.923805          , MaxsatRc2  , 0.012124401, ok              ,   0.039189205,     30,                        68,           50,  25
                     ,                   ,                   ,                        ,          ,     , infsteps180     ,       101, panic           ,    11,           ,    ,                , origA12   ,              ,                ,               ,                ,               ,    227                 , maxsat_rc2 ,            , panic           ,   0.227      ,       ,                          ,             ,    
0.0066161            , 1.2040498442367602, 17.33333396911621 ,                    2022,        25,    7, InfiniteSteps180,          ,                 ,    12,         74,   7,               4, origB1    ,            10,             773,            121,               7,              1,      7.8656999999999995, MaxsatRc2  , 0.0002472  , ok              ,   0.0068627  ,     18,                         3,           62,   7
0.004525101          , 1.5163398692810457, 14.800000190734863,                      87,        25,    5, InfiniteSteps180,          ,                 ,    13,         53,   5,               4, origB2    ,             8,             232,             71,               5,              1,      5.526601          , MaxsatRc2  , 9.39e-05   , ok              ,   0.004618301,      5,                         3,           45,   5
0.0053474            , 2.346820809248555 , 16.799999237060547,                     136,        20,    7, InfiniteSteps180,          ,                 ,    14,         68,   7,               6, origB3    ,            18,             406,            216,               7,              1,      6.6283009999999996, MaxsatRc2  , 0.000350801, ok              ,   0.005697301,      5,                         6,           55,   7
0.009260502          , 2.121580547112462 , 15.949999809265137,                    2246,        25,  301, InfiniteSteps180,          ,                 ,    15,         97, 301,              18, origB4    ,           164,            1396,            597,              10,              1,     12.805702          , MaxsatRc2  , 0.0017395  , ok              ,   0.010999402,     20,                        51,           34, 301
0.0045734999999999994, 1.4426229508196722, 17.799999237060547,                     136,        25,    2, InfiniteSteps180,          ,                 ,    16,         63,   2,               3, origB5    ,             6,             264,             75,               2,              1,      5.6136            , MaxsatRc2  , 0.0001488  , ok              ,   0.0047217  ,      5,                         2,           57,   2
0.0048433            , 1.0127388535031847, 15.199999809265137,                      93,        25,    2, InfiniteSteps180,          ,                 ,    17,          4,   2,               2, origB6    ,             2,             159,              0,               2,              1,      5.9033999999999995, MaxsatRc2  , 1.28e-05   , ok              ,   0.0048551  ,      5,                         0,            0,   2
0.016695901          , 2.947089947089947 , 15.25             ,                    2865,        25,  370, InfiniteSteps180,          ,                 ,    18,        125, 370,              26, origB7    ,           453,            2228,           1152,              19,              1,     25.434801999999998 , MaxsatRc2  , 0.007359101, ok              ,   0.024054302,     24,                        70,           34, 370
0.007202901          , 1.014388489208633 , 13.399999618530273,                      72,        25,    6, InfiniteSteps180,          ,                 ,    19,          8,   6,               2, origB8    ,             2,             141,              0,               6,              1,      8.476500999999999 , MaxsatRc2  , 1.2e-05    , ok              ,   0.007212401,      5,                         0,            0,   6
0.005800601          , 2.49746192893401  , 13.571428298950195,                     150,        25,   35, InfiniteSteps180,          ,                 ,    20,         66,  35,               7, origB9    ,            28,             492,            268,               8,              1,      7.206001          , MaxsatRc2  , 0.0004689  , ok              ,   0.006268701,      7,                         8,           50,  35
0.0055845009999999995, 2.6               , 11.375            ,                     130,        25,   34, InfiniteSteps180,          ,                 ,    21,         55,  34,               8, origB10   ,            36,             494,            269,              10,              1,      6.829401          , MaxsatRc2  , 0.0003267  , ok              ,   0.005910301,      8,                        12,           33,  34
0.04233630599999999  , 5.2276729559748425, 15.399999618530273,                    3202,        25,  425, InfiniteSteps180,          ,                 ,    22,        325, 425,              62, origB11   ,          1247,            4156,           2634,              29,              5,    113.58151099999999  , MaxsatRc2  , 0.069526105, ok              ,   0.111861511,     25,                       225,           67, 425
0.0061021009999999995, 1.6175213675213675, 16.214284896850586,                     970,        25,    6, InfiniteSteps180,          ,                 ,    23,         57,   6,               7, origB12   ,            44,             757,            246,               6,              1,      7.670401          , MaxsatRc2  , 0.0003185  , ok              ,   0.006419701,     14,                        16,           33,   6
                     ,                   ,                   ,                        ,          ,     , infsteps180     ,       101, panic           ,    24,           ,    ,                , trackA1   ,              ,                ,               ,                ,               ,    327                 , maxsat_rc2 ,            , panic           ,   0.327      ,       ,                          ,             ,    
                     ,                   ,                   ,                        ,          ,     , infsteps180     ,       101, panic           ,    25,           ,    ,                , trackA2   ,              ,                ,               ,                ,               ,    427                 , maxsat_rc2 ,            , panic           ,   0.427      ,       ,                          ,             ,    
0.033403802999999996 , 3.941256830601093 , 22.375            ,                    2061,        33,   18, InfiniteSteps180,          ,                 ,    26,        191,  18,              15, trackA3   ,           304,            2885,           1923,              18,              1,     65.17700599999999  , MaxsatRc2  , 0.029944703, ok              ,   0.063347506,     16,                        67,          106,  18
0.019107502000000002 , 2.786231884057971 , 19.214284896850586,                    1175,        33,   18, InfiniteSteps180,          ,                 ,    27,        155,  18,              12, trackA4   ,           110,            1538,            880,              18,              1,     27.815303          , MaxsatRc2  , 0.006759201, ok              ,   0.025865603,     14,                        31,          106,  18
0.009160301000000001 , 2.413502109704641 , 19.25             ,                     876,        33,   19, InfiniteSteps180,          ,                 ,    28,         91,  19,              10, trackA5   ,            90,            1144,            589,              19,              1,     12.148401          , MaxsatRc2  , 0.0018272  , ok              ,   0.010986801,     12,                        28,           44,  19
0.0055448            , 1.6633986928104576, 18.625            ,                     307,        33,   11, InfiniteSteps180,          ,                 ,    29,         49,  11,               7, trackA6   ,            24,             509,            181,              11,              1,      6.717899999999999 , MaxsatRc2  , 0.0002287  , ok              ,   0.0057727  ,      8,                         6,           32,  11
0.0054108            , 2.1666666666666665, 12.625            ,                     126,        33,   10, InfiniteSteps180,          ,                 ,    30,         61,  10,               6, trackA7   ,            26,             455,            221,              10,              1,      6.8708            , MaxsatRc2  , 0.0003542  , ok              ,   0.0057643  ,      8,                         6,           45,  10
                     ,                   ,                   ,                        ,          ,     , infsteps180     ,       101, panic           ,    31,           ,    ,                , trackA8   ,              ,                ,               ,                ,               ,   7533                 , maxsat_rc2 ,            , panic           ,   7.533      ,       ,                          ,             ,    
0.04715431199999999  , 4.5               , 20.049999237060547,                    2616,        33,   43, InfiniteSteps180,          ,                 ,    32,        270,  43,              19, trackA9   ,           468,            3699,           2495,              43,              3,     99.878726          , MaxsatRc2  , 0.050438014, ok              ,   0.097591726,     20,                       116,          107,  43
0.012010903          , 2.48503937007874  , 18.176469802856445,                    1632,        33,   33, InfiniteSteps180,          ,                 ,    33,         80,  33,              12, trackA10  ,           128,            1578,            822,              19,              1,     15.462204          , MaxsatRc2  , 0.0022832  , ok              ,   0.014293403,     17,                        32,           29,  33
                     ,                   ,                   ,                        ,          ,     , infsteps180     ,       124, external_timeout,    34,           ,    ,                , trackA11  ,              ,                ,               ,                ,               , 120227                 , maxsat_rc2 ,            , external_timeout, 120.227      ,       ,                          ,             ,    
                     ,                   ,                   ,                        ,          ,     , infsteps180     ,       124, external_timeout,    35,           ,    ,                , trackA12  ,              ,                ,               ,                ,               , 120241                 , maxsat_rc2 ,            , external_timeout, 120.241      ,       ,                          ,             ,    
0.0149544            , 2.9096573208722742, 17.33333396911621 ,                    2022,        25,   14, InfiniteSteps180,          ,                 ,    36,        103,  14,              16, trackB1   ,           192,            1868,           1054,              14,              1,     22.6319            , MaxsatRc2  , 0.0064918  , ok              ,   0.0214454  ,     18,                        48,           39,  14
0.0051861            , 1.8823529411764706, 14.800000190734863,                      87,        25,   26, InfiniteSteps180,          ,                 ,    37,         47,  26,               6, trackB2   ,            20,             288,            115,               9,              1,      6.332199999999999 , MaxsatRc2  , 0.0002167  , ok              ,   0.0054023  ,      5,                         5,           33,  26
0.0057298            , 2.5028901734104045, 16.799999237060547,                     136,        20,    4, InfiniteSteps180,          ,                 ,    38,         69,   4,               7, trackB3   ,            34,             433,            228,               4,              1,      7.0421            , MaxsatRc2  , 0.0004427  , ok              ,   0.0061717  ,      5,                        11,           54,   4
0.024414499999999992 , 4.556231003039514 , 15.949999809265137,                    2246,        25,  341, InfiniteSteps180,          ,                 ,    39,        175, 341,              22, trackB4   ,           400,            2998,           2004,              22,              1,     74.28070000000001  , MaxsatRc2  , 0.0487129  , ok              ,   0.0731267  ,     20,                        95,           56, 341
0.0079769            , 3.9945355191256833, 17.799999237060547,                     136,        25,   11, InfiniteSteps180,          ,                 ,    40,         87,  11,              12, trackB5   ,            84,             731,            474,              11,              1,     11.415700000000001 , MaxsatRc2  , 0.0022916  , ok              ,   0.0102677  ,      5,                        28,           46,  11
0.004986             , 1.5923566878980893, 15.199999809265137,                      93,        25,    2, InfiniteSteps180,          ,                 ,    41,         40,   2,               4, trackB6   ,             8,             250,             85,               2,              1,      6.0511            , MaxsatRc2  , 0.0001145  , ok              ,   0.0050996  ,      5,                         1,           37,   2
                     ,                   ,                   ,                        ,          ,     , infsteps180     ,       101, panic           ,    42,           ,    ,                , trackB7   ,              ,                ,               ,                ,               ,    344                 , maxsat_rc2 ,            , panic           ,   0.344      ,       ,                          ,             ,    
0.006195699999999999 , 3.093525179856115 , 13.399999618530273,                      72,        25,   12, InfiniteSteps180,          ,                 ,    43,        105,  12,              10, trackB8   ,            38,             430,            256,              12,              2,      8.119100000000001 , MaxsatRc2  , 0.000911   , ok              ,   0.0071059  ,      5,                        14,           78,  12
0.007406300000000001 , 4.0761421319796955, 13.571428298950195,                     150,        25,   51, InfiniteSteps180,          ,                 ,    44,         77,  51,              13, trackB9   ,           100,             803,            516,              10,              1,      9.8819            , MaxsatRc2  , 0.0014077  , ok              ,   0.0088132  ,      7,                        32,           35,  51
0.0049039            , 1.320855614973262 , 12.857142448425293,                     126,        25,   41, InfiniteSteps180,          ,                 ,    45,         22,  41,               4, trackB10  ,            10,             247,             50,               6,              1,      5.9704            , MaxsatRc2  , 4.32e-05   , ok              ,   0.0049463  ,      7,                         2,           14,  41
0.035718899000000005 , 3.6465408805031445, 15.399999618530273,                    3202,        25,  391, InfiniteSteps180,          ,                 ,    46,        147, 391,              15, trackB11  ,           385,            2899,           1805,              26,              1,     82.811097          , MaxsatRc2  , 0.045521998, ok              ,   0.081238897,     25,                        74,           45, 391
0.026864600000000002 , 3.72008547008547  , 16.214284896850586,                     970,        25,   88, InfiniteSteps180,          ,                 ,    47,        142,  88,              23, trackB12  ,           308,            1741,           1011,              41,              3,    102.930797          , MaxsatRc2  , 0.074446297, ok              ,   0.101310197,     14,                        64,           35,  88
                     ,                   ,                   ,                        ,          ,     , infsteps180     ,       101, panic           ,    48,           ,    ,                , stationA1 ,              ,                ,               ,                ,               ,    747                 , maxsat_rc2 ,            , panic           ,   0.747      ,       ,                          ,             ,    
0.09962359699999995  , 6.484102564102564 , 19.0              ,                    3735,        33,   59, InfiniteSteps180,          ,                 ,    49,        318,  59,              30, stationA2 ,          1096,            6322,           4612,              59,              1,    453.60538299999996  , MaxsatRc2  , 0.351721486, ok              ,   0.451343883,     25,                       186,           71,  59
0.041287398          , 4.786885245901639 , 22.375            ,                    2061,        33,   26, InfiniteSteps180,          ,                 ,    50,        239,  26,              19, stationA3 ,           320,            3504,           2500,              26,              1,     98.03419600000001  , MaxsatRc2  , 0.055286498, ok              ,   0.096572396,     16,                        98,          113,  26
0.017775499          , 3.2010869565217392, 19.214284896850586,                    1175,        33,   22, InfiniteSteps180,          ,                 ,    51,        136,  22,              12, stationA4 ,           144,            1767,           1088,              22,              1,     25.967099          , MaxsatRc2  , 0.0068737  , ok              ,   0.024648399,     14,                        47,           65,  22
0.016088900000000003 , 3.2911392405063293, 19.25             ,                     876,        33,   23, InfiniteSteps180,          ,                 ,    52,        127,  23,              13, stationA5 ,           124,            1560,            973,              23,              1,     24.112699000000003 , MaxsatRc2  , 0.006338899, ok              ,   0.022426999,     12,                        42,           62,  23
0.0092471            , 1.630718954248366 , 18.625            ,                     307,        33,   15, InfiniteSteps180,          ,                 ,    53,         53,  15,               5, stationA6 ,            16,             499,            177,              15,              1,     10.6189            , MaxsatRc2  , 0.0002532  , ok              ,   0.0094994  ,      8,                         4,           34,  15
0.013412699          , 3.052380952380952 , 12.625            ,                     126,        33,   16, InfiniteSteps180,          ,                 ,    54,        148,  16,               9, stationA7 ,            30,             641,            403,              16,              1,     19.598799          , MaxsatRc2  , 0.002508   , ok              ,   0.015915499,      8,                        10,          122,  16
                     ,                   ,                   ,                        ,          ,     , infsteps180     ,       101, panic           ,    55,           ,    ,                , stationA8 ,              ,                ,               ,                ,               ,  20871                 , maxsat_rc2 ,            , panic           ,  20.871      ,       ,                          ,             ,    
0.037815696999999995 , 4.546228710462287 , 20.049999237060547,                    2616,        33,   49, InfiniteSteps180,          ,                 ,    56,        247,  49,              20, stationA9 ,           443,            3737,           2558,              49,              1,    108.915997          , MaxsatRc2  , 0.0689511  , ok              ,   0.106765997,     20,                       100,           98,  49
0.017494899          , 3.292913385826772 , 18.176469802856445,                    1632,        33,   41, InfiniteSteps180,          ,                 ,    57,        138,  41,              16, stationA10,           204,            2091,           1275,              27,              1,     28.652599000000002 , MaxsatRc2  , 0.009266   , ok              ,   0.026760099,     17,                        56,           53,  41
                     ,                   ,                   ,                        ,          ,     , infsteps180     ,       124, external_timeout,    58,           ,    ,                , stationA11,              ,                ,               ,                ,               , 120227                 , maxsat_rc2 ,            , external_timeout, 120.227      ,       ,                          ,             ,    
                     ,                   ,                   ,                        ,          ,     , infsteps180     ,       124, external_timeout,    59,           ,    ,                , stationA12,              ,                ,               ,                ,               , 120238                 , maxsat_rc2 ,            , external_timeout, 120.238      ,       ,                          ,             ,    
0.027809200000000006 , 3.9376947040498442, 17.33333396911621 ,                    2022,        25,   30, InfiniteSteps180,          ,                 ,    60,        157,  30,              14, stationB1 ,           244,            2528,           1673,              30,              2,     66.83489900000001  , MaxsatRc2  , 0.036636299, ok              ,   0.064444599,     18,                        57,           67,  30
0.0071224            , 1.8954248366013071, 14.800000190734863,                      87,        25,   29, InfiniteSteps180,          ,                 ,    61,         53,  29,               6, stationB2 ,            20,             290,            117,              12,              1,      8.9938            , MaxsatRc2  , 0.0004293  , ok              ,   0.0075509  ,      5,                         4,           35,  29
0.007047098999999999 , 2.7167630057803467, 16.799999237060547,                     136,        20,    6, InfiniteSteps180,          ,                 ,    62,         67,   6,               7, stationB3 ,            30,             470,            267,               6,              1,      8.938998999999999 , MaxsatRc2  , 0.0007179  , ok              ,   0.007764199,      5,                        10,           49,   6
0.033817997999999995 , 3.8905775075987843, 15.949999809265137,                    2246,        25,  355, InfiniteSteps180,          ,                 ,    63,        168, 355,              14, stationB4 ,           297,            2560,           1668,              34,              1,     75.298798          , MaxsatRc2  , 0.039624   , ok              ,   0.073441198,     20,                        60,           74, 355
0.008392399          , 4.087431693989071 , 17.799999237060547,                     136,        25,   10, InfiniteSteps180,          ,                 ,    64,         87,  10,              16, stationB5 ,            84,             748,            488,              10,              1,     11.471099          , MaxsatRc2  , 0.001924   , ok              ,   0.010315599,      5,                        35,           42,  10
0.0062052            , 1.9235668789808917, 15.199999809265137,                      93,        25,    5, InfiniteSteps180,          ,                 ,    65,         43,   5,               4, stationB6 ,            12,             302,            134,               5,              1,      7.5024999999999995, MaxsatRc2  , 0.0001484  , ok              ,   0.0063527  ,      5,                         3,           35,   5
                     ,                   ,                   ,                        ,          ,     , infsteps180     ,       101, panic           ,    66,           ,    ,                , stationB7 ,              ,                ,               ,                ,               ,    426                 , maxsat_rc2 ,            , panic           ,   0.426      ,       ,                          ,             ,    
0.007329499999999999 , 2.41726618705036  , 13.399999618530273,                      72,        25,   16, InfiniteSteps180,          ,                 ,    67,         97,  16,               6, stationB8 ,            20,             336,            177,              16,              2,      9.2344            , MaxsatRc2  , 0.0006248  , ok              ,   0.0079534  ,      5,                         5,           75,  16
0.0078454            , 3.1421319796954315, 13.571428298950195,                     150,        25,   70, InfiniteSteps180,          ,                 ,    68,         75,  70,               9, stationB9 ,            80,             619,            348,              16,              1,     10.170099          , MaxsatRc2  , 0.001084999, ok              ,   0.008929499,      7,                        29,           30,  70
0.0054582            , 1.5401069518716577, 12.857142448425293,                     126,        25,   53, InfiniteSteps180,          ,                 ,    69,         49,  53,               4, stationB10,            12,             288,             89,              11,              1,      6.6884            , MaxsatRc2  , 0.0001666  , ok              ,   0.0056237  ,      7,                         3,           35,  53
                     ,                   ,                   ,                        ,          ,     , infsteps180     ,       101, panic           ,    70,           ,    ,                , stationB11,              ,                ,               ,                ,               ,    535                 , maxsat_rc2 ,            , panic           ,   0.535      ,       ,                          ,             ,    
0.020742799000000006 , 4.576923076923077 , 16.214284896850586,                     970,        25,   98, InfiniteSteps180,          ,                 ,    71,        169,  98,              26, stationB12,           420,            2142,           1339,              62,              1,    133.207193          , MaxsatRc2  , 0.110984894, ok              ,   0.131726993,     14,                        68,           37,  98
