algorithm_time       , avg_time_points   , avg_tracks        , conflicting_visit_pairs, conflicts, cost, delay_cost_type, exit_code, external_status, index, iterations, lb, max_time_points, name      , num_conflicts, num_time_points, num_traveltime, objective_iters, resource_iters, sol_time            , solver_name, solver_time, status, total_time , trains, travel_and_resource_iters, travel_iters, ub
0.013826001000000001 , 1.5253419147224456, 20.931034088134766,                    5915,        33,   11, FiniteSteps123 ,          ,                ,     0,        127, 11,               7, origA1    ,            62,            1896,            593,              11,              1,  19.335901999999997 , MaxsatRc2  , 0.003211201, ok    , 0.017036402,     29,                        24,           90, 11
0.014394302000000001 , 1.603076923076923 , 19.0              ,                    3735,        33,   25, FiniteSteps123 ,          ,                ,     1,        107, 25,               6, origA2    ,            74,            1563,            517,              25,              2,  17.064002000000002 , MaxsatRc2  , 0.0013729  , ok    , 0.015766402,     25,                        20,           59, 25
0.014794502000000001 , 1.6967213114754098, 22.375            ,                    2061,        33,   10, FiniteSteps123 ,          ,                ,     2,         91, 10,               8, origA3    ,            50,            1242,            462,              10,              2,  18.608102000000002 , MaxsatRc2  , 0.002032   , ok    , 0.016825402,     16,                        17,           61, 10
0.010884902          , 1.8967391304347827, 19.214284896850586,                    1175,        33,   17, FiniteSteps123 ,          ,                ,     3,        135, 17,               6, origA4    ,            40,            1047,            455,              17,              1,  13.635802          , MaxsatRc2  , 0.0015462  , ok    , 0.012430402,     14,                        14,          104, 17
0.008560700000000001 , 1.5717299578059072, 19.25             ,                     876,        33,   15, FiniteSteps123 ,          ,                ,     4,         73, 15,               4, origA5    ,            22,             745,            249,              15,              1,  10.005101          , MaxsatRc2  , 0.0004221  , ok    , 0.0089821  ,     12,                         6,           52, 15
0.011298301          , 1.5588235294117647, 18.625            ,                     307,        33,   10, FiniteSteps123 ,          ,                ,     5,         59, 10,               4, origA6    ,            12,             477,            159,              10,              1,  14.511202          , MaxsatRc2  , 0.0004579  , ok    , 0.011731801,      8,                         3,           46, 10
0.006028601          , 1.0476190476190477, 12.625            ,                     126,        33,   10, FiniteSteps123 ,          ,                ,     6,         12, 10,               2, origA7    ,            10,             220,              0,              10,              1,   7.576600999999999 , MaxsatRc2  , 2.22e-05   , ok    , 0.006050101,      8,                         0,            0, 10
0.044629803999999995 , 3.01268115942029  , 19.214284896850586,                    4877,        33,   31, FiniteSteps123 ,          ,                ,     7,        259, 31,              14, origA8    ,           397,            3326,           1953,              31,              1,  73.455708          , MaxsatRc2  , 0.026337204, ok    , 0.070966108,     28,                        81,          145, 31
0.016598903999999998 , 2.148418491484185 , 20.049999237060547,                    2616,        33,   18, FiniteSteps123 ,          ,                ,     8,        108, 18,              10, origA9    ,           122,            1766,            832,              18,              1,  22.016606          , MaxsatRc2  , 0.002788001, ok    , 0.019385905,     20,                        39,           49, 18
0.015483002999999999 , 1.9149606299212598, 18.176469802856445,                    1632,        33,   17, FiniteSteps123 ,          ,                ,     9,         87, 17,               8, origA10   ,            76,            1216,            507,              17,              1,  19.619805          , MaxsatRc2  , 0.002260101, ok    , 0.017741704,     17,                        22,           46, 17
0.026355008          , 2.427049180327869 , 19.83333396911621 ,                    6162,        33,   23, FiniteSteps123 ,          ,                ,    10,        114, 23,              11, origA11   ,           263,            2961,           1508,              23,              1,  37.731010000000005 , MaxsatRc2  , 0.009719401, ok    , 0.036073509,     30,                        66,           23, 23
0.064216319          , 2.6816720257234725, 21.714284896850586,                    6393,        33,   24, FiniteSteps123 ,          ,                ,    11,        231, 24,               9, origA12   ,           250,            3336,           1858,              24,              1, 107.070227          , MaxsatRc2  , 0.040596008, ok    , 0.104811527,     28,                        69,          136, 24
0.005238501          , 1.1199376947040498, 17.33333396911621 ,                    2022,        25,    4, FiniteSteps123 ,          ,                ,    12,         39,  4,               4, origB1    ,             8,             719,             69,               4,              1,   6.431502          , MaxsatRc2  , 7.52e-05   , ok    , 0.005313001,     18,                         2,           31,  4
0.005457402          , 1.5163398692810457, 14.800000190734863,                      87,        25,    5, FiniteSteps123 ,          ,                ,    13,         53,  5,               4, origB2    ,             8,             232,             71,               5,              1,   6.532401999999999 , MaxsatRc2  , 0.0001001  , ok    , 0.005556502,      5,                         3,           45,  5
0.005286102          , 2.0               , 16.799999237060547,                     136,        20,    5, FiniteSteps123 ,          ,                ,    14,         50,  5,               6, origB3    ,            16,             346,            158,               5,              1,   6.532002          , MaxsatRc2  , 0.0002127  , ok    , 0.005498102,      5,                         5,           38,  5
0.012088604          , 2.072948328267477 , 15.949999809265137,                    2246,        25,   16, FiniteSteps123 ,          ,                ,    15,        105, 16,              13, origB4    ,           158,            1364,            565,              16,              1,  16.611504          , MaxsatRc2  , 0.0025042  , ok    , 0.014592004,     20,                        46,           43, 16
0.006461002          , 1.6010928961748634, 17.799999237060547,                     136,        25,    2, FiniteSteps123 ,          ,                ,    16,         73,  2,               4, origB5    ,             8,             293,            102,               2,              1,   7.820002          , MaxsatRc2  , 0.0002644  , ok    , 0.006724702,      5,                         3,           66,  2
0.004504101          , 1.0127388535031847, 15.199999809265137,                      93,        25,    2, FiniteSteps123 ,          ,                ,    17,          4,  2,               2, origB6    ,             2,             159,              0,               2,              1,   5.484801          , MaxsatRc2  , 1.18e-05   , ok    , 0.004515001,      5,                         0,            0,  2
0.012997603          , 2.6944444444444446, 15.25             ,                    2865,        25,   25, FiniteSteps123 ,          ,                ,    18,         78, 25,              24, origB7    ,           380,            2037,           1006,              25,              1,  16.215004          , MaxsatRc2  , 0.002149201, ok    , 0.015145904,     24,                        49,            4, 25
0.004353701          , 1.014388489208633 , 13.399999618530273,                      72,        25,    6, FiniteSteps123 ,          ,                ,    19,          8,  6,               2, origB8    ,             2,             141,              0,               6,              1,   5.507601          , MaxsatRc2  , 1.33e-05   , ok    , 0.004363201,      5,                         0,            0,  6
0.005973402          , 2.5380710659898478, 13.571428298950195,                     150,        25,    7, FiniteSteps123 ,          ,                ,    20,         65,  7,               8, origB9    ,            30,             500,            274,               7,              1,   7.257102          , MaxsatRc2  , 0.0003618  , ok    , 0.006334602,      7,                         9,           49,  7
0.0056231020000000005, 2.5894736842105264, 11.375            ,                     130,        25,   10, FiniteSteps123 ,          ,                ,    21,         55, 10,               8, origB10   ,            38,             492,            266,              10,              1,   6.854102          , MaxsatRc2  , 0.000306   , ok    , 0.005928102,      8,                        12,           33, 10
0.014236302          , 2.6389937106918238, 15.399999618530273,                    3202,        25,   23, FiniteSteps123 ,          ,                ,    22,        122, 23,              33, origB11   ,           456,            2098,            968,              23,              1,  20.028305          , MaxsatRc2  , 0.004124302, ok    , 0.018360004,     25,                        64,           35, 23
0.005578601          , 1.5576923076923077, 16.214284896850586,                     970,        25,    6, FiniteSteps123 ,          ,                ,    23,         54,  6,               7, origB12   ,            40,             729,            221,               6,              1,   6.802202          , MaxsatRc2  , 0.000296501, ok    , 0.005874402,     14,                        16,           32,  6
0.057812615000000005 , 3.8511665325824618, 20.931034088134766,                    5915,        33,   23, FiniteSteps123 ,          ,                ,    24,        222, 23,              21, trackA1   ,           574,            4787,           3130,              23,              1, 105.531927          , MaxsatRc2  , 0.044365911, ok    , 0.102177826,     29,                       135,           62, 23
                     ,                   ,                   ,                        ,          ,     , finsteps123    ,       101, panic          ,    25,           ,   ,                , trackA2   ,              ,                ,               ,                ,               , 223                 , maxsat_rc2 ,            , panic , 0.223      ,       ,                          ,             ,   
0.041594111          , 4.117486338797814 , 22.375            ,                    2061,        33,   15, FiniteSteps123 ,          ,                ,    26,        279, 15,              13, trackA3   ,           257,            3014,           2073,              15,              2,  85.155821          , MaxsatRc2  , 0.04150701 , ok    , 0.083100421,     16,                        67,          194, 15
0.011460304          , 2.8568840579710146, 19.214284896850586,                    1175,        33,   15, FiniteSteps123 ,          ,                ,    27,         96, 15,              12, trackA4   ,           112,            1577,            921,              15,              1,  14.733204          , MaxsatRc2  , 0.0022882  , ok    , 0.013747904,     14,                        30,           49, 15
0.007203500999999999 , 1.978902953586498 , 19.25             ,                     876,        33,   12, FiniteSteps123 ,          ,                ,    28,         59, 12,               8, trackA5   ,            58,             938,            410,              12,              1,   8.649203          , MaxsatRc2  , 0.000512501, ok    , 0.007715102,     12,                        16,           31, 12
0.005752801          , 1.7189542483660132, 18.625            ,                     307,        33,    8, FiniteSteps123 ,          ,                ,    29,         50,  8,               7, trackA6   ,            26,             526,            196,               8,              1,   6.943301          , MaxsatRc2  , 0.0002592  , ok    , 0.006011001,      8,                         7,           35,  8
0.0055766            , 1.8904761904761904, 12.625            ,                     126,        33,    8, FiniteSteps123 ,          ,                ,    30,         41,  8,               5, trackA7   ,            20,             397,            168,               8,              1,   6.7831            , MaxsatRc2  , 0.0002092  , ok    , 0.0057852  ,      8,                         4,           29,  8
                     ,                   ,                   ,                        ,          ,     , finsteps123    ,       101, panic          ,    31,           ,   ,                , trackA8   ,              ,                ,               ,                ,               , 630                 , maxsat_rc2 ,            , panic , 0.63       ,       ,                          ,             ,   
0.026440701999999996 , 3.1690997566909975, 20.049999237060547,                    2616,        33,   25, FiniteSteps123 ,          ,                ,    32,        165, 25,              19, trackA9   ,           299,            2605,           1523,              25,              1,  37.752203          , MaxsatRc2  , 0.009819501, ok    , 0.036259403,     20,                        72,           66, 25
0.009925101          , 2.1448818897637794, 18.176469802856445,                    1632,        33,   17, FiniteSteps123 ,          ,                ,    33,         63, 17,              11, trackA10  ,           120,            1362,            615,              17,              1,  12.611801          , MaxsatRc2  , 0.0010364  , ok    , 0.010960701,     17,                        28,           18, 17
                     ,                   ,                   ,                        ,          ,     , finsteps123    ,       101, panic          ,    34,           ,   ,                , trackA11  ,              ,                ,               ,                ,               , 520                 , maxsat_rc2 ,            , panic , 0.52       ,       ,                          ,             ,   
                     ,                   ,                   ,                        ,          ,     , finsteps123    ,       101, panic          ,    35,           ,   ,                , trackA12  ,              ,                ,               ,                ,               , 730                 , maxsat_rc2 ,            , panic , 0.73       ,       ,                          ,             ,   
0.013534802          , 2.3146417445482865, 17.33333396911621 ,                    2022,        25,   13, FiniteSteps123 ,          ,                ,    36,         94, 13,               7, trackB1   ,            91,            1486,            760,              13,              1,  17.008002          , MaxsatRc2  , 0.002374   , ok    , 0.015907902,     18,                        22,           59, 13
0.0051025            , 1.7189542483660132, 14.800000190734863,                      87,        25,    5, FiniteSteps123 ,          ,                ,    37,         43,  5,               4, trackB2   ,            16,             263,             94,               5,              1,   6.3422            , MaxsatRc2  , 0.000158   , ok    , 0.0052577  ,      5,                         3,           35,  5
0.006082701          , 2.7109826589595376, 16.799999237060547,                     136,        20,    4, FiniteSteps123 ,          ,                ,    38,         67,  4,               9, trackB3   ,            44,             469,            256,               4,              1,   7.605901          , MaxsatRc2  , 0.0004741  , ok    , 0.006556001,      5,                        16,           47,  4
0.0160236            , 3.475683890577508 , 15.949999809265137,                    2246,        25,   19, FiniteSteps123 ,          ,                ,    39,        112, 19,              23, trackB4   ,           292,            2287,           1380,              19,              1,  25.827903          , MaxsatRc2  , 0.008150202, ok    , 0.024173002,     20,                        65,           26, 19
0.0061437            , 3.66120218579235  , 17.799999237060547,                     136,        25,    7, FiniteSteps123 ,          ,                ,    40,         78,  7,              11, trackB5   ,            72,             670,            421,               7,              1,   7.9979000000000005, MaxsatRc2  , 0.0009197  , ok    , 0.0070626  ,      5,                        25,           44,  7
0.004362701          , 1.5923566878980893, 15.199999809265137,                      93,        25,    2, FiniteSteps123 ,          ,                ,    41,         40,  2,               4, trackB6   ,             8,             250,             85,               2,              1,   5.326701          , MaxsatRc2  , 9.12e-05   , ok    , 0.004453201,      5,                         1,           37,  2
                     ,                   ,                   ,                        ,          ,     , finsteps123    ,       101, panic          ,    42,           ,   ,                , trackB7   ,              ,                ,               ,                ,               , 223                 , maxsat_rc2 ,            , panic , 0.223      ,       ,                          ,             ,   
0.006105601          , 2.6043165467625897, 13.399999618530273,                      72,        25,    8, FiniteSteps123 ,          ,                ,    43,         87,  8,               6, trackB8   ,            24,             362,            199,               8,              1,   7.651901          , MaxsatRc2  , 0.0005914  , ok    , 0.006696301,      5,                         9,           68,  8
0.0072306            , 3.6751269035532994, 13.571428298950195,                     150,        25,    9, FiniteSteps123 ,          ,                ,    44,         67,  9,              11, trackB9   ,            98,             724,            435,               9,              1,   9.800301000000001 , MaxsatRc2  , 0.001162201, ok    , 0.008392201,      7,                        34,           22,  9
0.0044659            , 1.320855614973262 , 12.857142448425293,                     126,        25,    8, FiniteSteps123 ,          ,                ,    45,         24,  8,               4, trackB10  ,            10,             247,             50,               8,              1,   5.4957            , MaxsatRc2  , 4.1e-05    , ok    , 0.0045062  ,      7,                         2,           14,  8
0.021747500000000003 , 3.2352201257861637, 15.399999618530273,                    3202,        25,   31, FiniteSteps123 ,          ,                ,    46,        135, 31,              19, trackB11  ,           292,            2572,           1521,              31,              1,  34.904003          , MaxsatRc2  , 0.011775702, ok    , 0.033522402,     25,                        61,           41, 31
0.013017902000000001 , 3.0384615384615383, 16.214284896850586,                     970,        25,   16, FiniteSteps123 ,          ,                ,    47,        116, 16,              17, trackB12  ,           178,            1422,            800,              16,              3,  17.992902          , MaxsatRc2  , 0.0039382  , ok    , 0.016955402,     14,                        46,           50, 16
                     ,                   ,                   ,                        ,          ,     , finsteps123    ,       101, panic          ,    48,           ,   ,                , stationA1 ,              ,                ,               ,                ,               , 517                 , maxsat_rc2 ,            , panic , 0.517      ,       ,                          ,             ,   
0.045236203          , 5.2153846153846155, 19.0              ,                    3735,        33,   40, FiniteSteps123 ,          ,                ,    49,        236, 40,              20, stationA2 ,           785,            5085,           3547,              40,              1,  80.698304          , MaxsatRc2  , 0.033534701, ok    , 0.078770204,     25,                       146,           48, 40
0.021393102          , 3.362021857923497 , 22.375            ,                    2061,        33,   19, FiniteSteps123 ,          ,                ,    50,        143, 19,              13, stationA3 ,           197,            2461,           1548,              19,              1,  31.682202          , MaxsatRc2  , 0.0085654  , ok    , 0.029957702,     16,                        49,           73, 19
0.012986301          , 2.9166666666666665, 19.214284896850586,                    1175,        33,   17, FiniteSteps123 ,          ,                ,    51,        109, 17,              14, stationA4 ,           124,            1610,            947,              17,              1,  17.432201000000003 , MaxsatRc2  , 0.003106   , ok    , 0.016091601,     14,                        37,           53, 17
0.009580301000000001 , 2.8544303797468356, 19.25             ,                     876,        33,   16, FiniteSteps123 ,          ,                ,    52,        103, 16,              13, stationA5 ,           106,            1353,            783,              16,              1,  13.004501          , MaxsatRc2  , 0.0023801  , ok    , 0.011959501,     12,                        32,           53, 16
0.0056685            , 1.6143790849673203, 18.625            ,                     307,        33,   10, FiniteSteps123 ,          ,                ,    53,         48, 10,               5, stationA6 ,            16,             494,            172,              10,              1,   6.854500000000001 , MaxsatRc2  , 0.0001787  , ok    , 0.0058464  ,      8,                         4,           34, 10
0.005174301          , 2.0047619047619047, 12.625            ,                     126,        33,   12, FiniteSteps123 ,          ,                ,    54,         50, 12,               5, stationA7 ,            22,             421,            190,              12,              1,   6.313201          , MaxsatRc2  , 0.0002135  , ok    , 0.005387001,      8,                         6,           32, 12
                     ,                   ,                   ,                        ,          ,     , finsteps123    ,       101, panic          ,    55,           ,   ,                , stationA8 ,              ,                ,               ,                ,               , 523                 , maxsat_rc2 ,            , panic , 0.523      ,       ,                          ,             ,   
0.024991902000000003 , 3.619221411192214 , 20.049999237060547,                    2616,        33,   27, FiniteSteps123 ,          ,                ,    56,        157, 27,              20, stationA9 ,           305,            2975,           1898,              27,              1,  37.558202          , MaxsatRc2  , 0.0104777  , ok    , 0.035468802,     20,                        77,           51, 27
0.011581801          , 2.532283464566929 , 18.176469802856445,                    1632,        33,   21, FiniteSteps123 ,          ,                ,    57,         82, 21,              13, stationA10,           166,            1608,            820,              21,              1,  14.876100999999998 , MaxsatRc2  , 0.0018766  , ok    , 0.013457801,     17,                        42,           17, 21
                     ,                   ,                   ,                        ,          ,     , finsteps123    ,       101, panic          ,    58,           ,   ,                , stationA11,              ,                ,               ,                ,               , 836                 , maxsat_rc2 ,            , panic , 0.836      ,       ,                          ,             ,   
                     ,                   ,                   ,                        ,          ,     , finsteps123    ,       101, panic          ,    59,           ,   ,                , stationA12,              ,                ,               ,                ,               , 929                 , maxsat_rc2 ,            , panic , 0.929      ,       ,                          ,             ,   
0.015163700999999998 , 2.897196261682243 , 17.33333396911621 ,                    2022,        25,   19, FiniteSteps123 ,          ,                ,    60,        108, 19,               8, stationB1 ,           170,            1860,           1064,              19,              1,  21.513900999999997 , MaxsatRc2  , 0.0050783  , ok    , 0.020241301,     18,                        38,           49, 19
0.005377000999999999 , 1.738562091503268 , 14.800000190734863,                      87,        25,    7, FiniteSteps123 ,          ,                ,    61,         45,  7,               4, stationB2 ,            16,             266,             97,               7,              1,   6.579401000000001 , MaxsatRc2  , 0.0001917  , ok    , 0.005567801,      5,                         3,           35,  7
0.005910200000000001 , 2.739884393063584 , 16.799999237060547,                     136,        20,    5, FiniteSteps123 ,          ,                ,    62,         56,  5,               8, stationB3 ,            32,             474,            269,               5,              1,   7.357             , MaxsatRc2  , 0.0004004  , ok    , 0.0063098  ,      5,                        11,           40,  5
                     ,                   ,                   ,                        ,          ,     , finsteps123    ,       101, panic          ,    63,           ,   ,                , stationB4 ,              ,                ,               ,                ,               , 344                 , maxsat_rc2 ,            , panic , 0.344      ,       ,                          ,             ,   
0.0058888            , 3.459016393442623 , 17.799999237060547,                     136,        25,    6, FiniteSteps123 ,          ,                ,    64,         53,  6,              11, stationB5 ,            64,             633,            388,               6,              1,   7.4144            , MaxsatRc2  , 0.0005888  , ok    , 0.0064743  ,      5,                        25,           22,  6
0.0050875            , 1.9235668789808917, 15.199999809265137,                      93,        25,    5, FiniteSteps123 ,          ,                ,    65,         43,  5,               4, stationB6 ,            12,             302,            134,               5,              1,   6.1316            , MaxsatRc2  , 0.0001207  , ok    , 0.0052074  ,      5,                         3,           35,  5
0.0186444            , 3.4166666666666665, 15.25             ,                    2865,        25,   40, FiniteSteps123 ,          ,                ,    66,        133, 40,              10, stationB7 ,           334,            2583,           1607,              40,              1,  31.166801          , MaxsatRc2  , 0.011305201, ok    , 0.029948801,     24,                        58,           33, 40
0.005615001          , 2.194244604316547 , 13.399999618530273,                      72,        25,   10, FiniteSteps123 ,          ,                ,    67,         58, 10,               5, stationB8 ,            14,             305,            152,              10,              1,   6.787801000000001 , MaxsatRc2  , 0.0002123  , ok    , 0.005826401,      5,                         3,           45, 10
0.005457201          , 2.7411167512690353, 13.571428298950195,                     150,        25,   11, FiniteSteps123 ,          ,                ,    68,         49, 11,               7, stationB9 ,            54,             540,            289,              11,              1,   6.842401          , MaxsatRc2  , 0.0003577  , ok    , 0.005814101,      7,                        17,           21, 11
0.005120899999999999 , 1.6844919786096257, 12.857142448425293,                     126,        25,   11, FiniteSteps123 ,          ,                ,    69,         55, 11,               5, stationB10,            14,             315,            114,              11,              1,   6.2466            , MaxsatRc2  , 0.0001752  , ok    , 0.0052955  ,      7,                         4,           40, 11
                     ,                   ,                   ,                        ,          ,     , finsteps123    ,       101, panic          ,    70,           ,   ,                , stationB11,              ,                ,               ,                ,               , 326                 , maxsat_rc2 ,            , panic , 0.326      ,       ,                          ,             ,   
0.011705601          , 3.4957264957264957, 16.214284896850586,                     970,        25,   19, FiniteSteps123 ,          ,                ,    71,         92, 19,              18, stationB12,           227,            1636,            958,              19,              1,  17.076502          , MaxsatRc2  , 0.00367    , ok    , 0.015374901,     14,                        50,           21, 19
