algorithm_time       , avg_time_points   , avg_tracks        , conflicting_visit_pairs, conflicts, cost , delay_cost_type, exit_code, external_status , index, iterations, lb   , max_time_points, name      , num_conflicts, num_time_points, num_traveltime, objective_iters, resource_iters, sol_time               , solver_name, solver_time , status          , total_time   , trains, travel_and_resource_iters, travel_iters, ub
0.028439199          , 2.1182622687047465, 20.931034088134766,                    5915,        33,  5526, Continuous     ,          ,                 ,     0,        233,  5526,              10, origA1    ,           124,            2633,           1277,              36,              1,     49.232397999999996 , MaxsatRc2  , 0.018882399 , ok              ,   0.047320398,     29,                        46,          149,  5526
0.027771098999999994 , 2.4               , 19.0              ,                    3735,        33,  5804, Continuous     ,          ,                 ,     1,        205,  5804,              15, origA2    ,           182,            2340,           1208,              73,              1,     75.632196          , MaxsatRc2  , 0.045893398 , ok              ,   0.073663197,     25,                        57,           73,  5804
0.052175897          , 1.7677595628415301, 22.375            ,                    2061,        33,  1329, Continuous     ,          ,                 ,     2,        133,  1329,               7, origA3    ,            44,            1294,            518,              27,              1,     58.475896999999996 , MaxsatRc2  , 0.0040574   , ok              ,   0.056231697,     16,                        15,           91,  1329
0.015569898999999998 , 1.9293478260869565, 19.214284896850586,                    1175,        33,  2706, Continuous     ,          ,                 ,     3,         98,  2706,               8, origA4    ,            42,            1065,            472,              25,              1,     19.433999          , MaxsatRc2  , 0.0020832   , ok              ,   0.017651699,     14,                        13,           60,  2706
0.010522599          , 1.9556962025316456, 19.25             ,                     876,        33,  2634, Continuous     ,          ,                 ,     4,         97,  2634,               8, origA5    ,            32,             927,            421,              15,              1,     13.293699          , MaxsatRc2  , 0.0013017   , ok              ,   0.011823499,     12,                        11,           71,  2634
0.007891800000000001 , 1.738562091503268 , 18.625            ,                     307,        33,  2043, Continuous     ,          ,                 ,     5,         93,  2043,               4, origA6    ,            10,             532,            216,              10,              1,      9.5402            , MaxsatRc2  , 0.000532    , ok              ,   0.008423   ,      8,                         2,           79,  2043
0.0072366            , 2.657142857142857 , 12.625            ,                     126,        33,  1918, Continuous     ,          ,                 ,     6,         81,  1918,               9, origA7    ,            24,             558,            324,              12,              1,      8.9875            , MaxsatRc2  , 0.0006503   , ok              ,   0.0078861  ,      8,                         7,           62,  1918
                     ,                   ,                   ,                        ,          ,      , cont           ,       124, external_timeout,     7,           ,      ,                , origA8    ,              ,                ,               ,                ,               , 120290                 , maxsat_rc2 ,             , external_timeout, 120.29       ,       ,                          ,             ,      
0.042140302000000004 , 3.0547445255474455, 20.049999237060547,                    2616,        33,  6178, Continuous     ,          ,                 ,     8,        242,  6178,              13, origA9    ,           202,            2511,           1508,              64,              1,     78.14530599999999  , MaxsatRc2  , 0.031013103 , ok              ,   0.073152705,     20,                        73,          105,  6178
0.021929502000000003 , 3.2015748031496063, 18.176469802856445,                    1632,        33,  4746, Continuous     ,          ,                 ,     9,        211,  4746,              13, origA10   ,           150,            2033,           1264,              49,              1,     59.877705000000006 , MaxsatRc2  , 0.036183902 , ok              ,   0.058112704,     17,                        47,          115,  4746
0.07005510199999998  , 3.5147540983606556, 19.83333396911621 ,                    6162,        33,  3331, Continuous     ,          ,                 ,    10,        349,  3331,              14, origA11   ,           434,            4288,           2730,             202,              1,   1305.922395          , MaxsatRc2  , 1.232727692 , ok              ,   1.302781894,     30,                       108,           37,  3331
0.10334190200000037  , 3.707395498392283 , 21.714284896850586,                    6393,        33,  4247, Continuous     ,          ,                 ,    11,        560,  4247,              14, origA12   ,           470,            4612,           3013,             387,              1,  29565.732371          , MaxsatRc2  , 29.452790767, ok              ,  29.556131669,     28,                       108,           63,  4247
0.008719702          , 1.250778816199377 , 17.33333396911621 ,                    2022,        25,   969, Continuous     ,          ,                 ,    12,         92,   969,               4, origB1    ,            10,             803,            151,               6,              1,     10.454502          , MaxsatRc2  , 0.0003765   , ok              ,   0.009093502,     18,                         3,           83,   969
0.0045252009999999995, 1.5163398692810457, 14.800000190734863,                      87,        25,   347, Continuous     ,          ,                 ,    13,         52,   347,               4, origB2    ,             8,             232,             71,               4,              1,      5.5628020000000005, MaxsatRc2  , 9.0301e-05  , ok              ,   0.004614802,      5,                         3,           45,   347
0.005036201          , 2.491329479768786 , 16.799999237060547,                     136,        20,   629, Continuous     ,          ,                 ,    14,         85,   629,               6, origB3    ,            18,             431,            241,              10,              1,      6.493701          , MaxsatRc2  , 0.0004469   , ok              ,   0.005482401,      5,                         6,           69,   629
0.013148504000000002 , 2.3875379939209727, 15.949999809265137,                    2246,        25, 53607, Continuous     ,          ,                 ,    15,        127, 53607,              19, origB4    ,           180,            1571,            765,              18,              1,     21.060505          , MaxsatRc2  , 0.0067225   , ok              ,   0.019870304,     20,                        44,           65, 53607
0.0061779009999999995, 1.7978142076502732, 17.799999237060547,                     136,        25,   288, Continuous     ,          ,                 ,    16,        104,   288,               4, origB5    ,             8,             329,            138,               4,              1,      7.387701          , MaxsatRc2  , 0.0002653   , ok              ,   0.006442601,      5,                         3,           97,   288
0.004892001          , 1.3184713375796178, 15.199999809265137,                      93,        25,   176, Continuous     ,          ,                 ,    17,         41,   176,               3, origB6    ,             4,             207,             46,               3,              1,      6.027601          , MaxsatRc2  , 5.73e-05    , ok              ,   0.004948601,      5,                         1,           37,   176
0.0759620020000007   , 3.9206349206349205, 15.25             ,                    2865,        25, 65828, Continuous     ,          ,                 ,    18,        615, 65828,              33, origB7    ,           659,            2964,           1766,             477,              1,  21774.070539          , MaxsatRc2  , 21.690257036, ok              ,  21.766218038,     24,                       100,           38, 65828
0.004908501          , 1.2877697841726619, 13.399999618530273,                      72,        25,   676, Continuous     ,          ,                 ,    19,         43,   676,               2, origB8    ,             2,             179,             38,               5,              1,      6.007201          , MaxsatRc2  , 5.36e-05    , ok              ,   0.004961501,      5,                         0,           38,   676
0.0067416            , 3.0761421319796955, 13.571428298950195,                     150,        25,  5967, Continuous     ,          ,                 ,    20,        109,  5967,              11, origB9    ,            36,             606,            375,              19,              1,      9.123101          , MaxsatRc2  , 0.001329201 , ok              ,   0.008070101,      7,                        12,           78,  5967
0.0057047            , 2.7578947368421054, 11.375            ,                     130,        25,  5747, Continuous     ,          ,                 ,    21,         81,  5747,               8, origB10   ,            34,             524,            301,              17,              1,      7.4347010000000004, MaxsatRc2  , 0.000627    , ok              ,   0.0063298  ,      8,                        11,           53,  5747
                     ,                   ,                   ,                        ,          ,      , cont           ,       124, external_timeout,    22,           ,      ,                , origB11   ,              ,                ,               ,                ,               , 120217                 , maxsat_rc2 ,             , external_timeout, 120.217      ,       ,                          ,             ,      
0.0056915            , 1.7072649572649572, 16.214284896850586,                     970,        25,   918, Continuous     ,          ,                 ,    23,         54,   918,               9, origB12   ,            54,             799,            279,               6,              1,      6.8791            , MaxsatRc2  , 0.0002745   , ok              ,   0.0059655  ,     14,                        19,           29,   918
                     ,                   ,                   ,                        ,          ,      , cont           ,       101, panic           ,    24,           ,      ,                , trackA1   ,              ,                ,               ,                ,               ,    724                 , maxsat_rc2 ,             , panic           ,   0.724      ,       ,                          ,             ,      
0.11827269599999823  , 4.724102564102564 , 19.0              ,                    3735,        33,  6859, Continuous     ,          ,                 ,    25,        689,  6859,              15, trackA2   ,           538,            4606,           3192,             466,              1,  44364.384824          , MaxsatRc2  , 44.233528731, ok              ,  44.351800527,     25,                       131,           90,  6859
0.04302099100000001  , 3.819672131147541 , 22.375            ,                    2061,        33,  2077, Continuous     ,          ,                 ,    26,        265,  2077,              15, trackA3   ,           266,            2796,           1844,              95,              1,    299.443417          , MaxsatRc2  , 0.254540426 , ok              ,   0.297560517,     16,                        68,          100,  2077
0.015813497          , 2.3442028985507246, 19.214284896850586,                    1175,        33,  2069, Continuous     ,          ,                 ,    27,        112,  2069,              10, trackA4   ,            84,            1294,            662,              14,              1,     20.602394          , MaxsatRc2  , 0.003060898 , ok              ,   0.018872695,     14,                        20,           76,  2069
0.01747679699999999  , 2.5084388185654007, 19.25             ,                     876,        33,  2773, Continuous     ,          ,                 ,    28,        192,  2773,              12, trackA5   ,            80,            1189,            642,              97,              1,     82.22567699999999  , MaxsatRc2  , 0.062972781 , ok              ,   0.080448578,     12,                        25,           70,  2773
0.011103597          , 2.395424836601307 , 18.625            ,                     307,        33,  1679, Continuous     ,          ,                 ,    29,        101,  1679,               9, trackA6   ,            50,             733,            379,              13,              1,     14.164496          , MaxsatRc2  , 0.001259699 , ok              ,   0.012362296,      8,                        20,           66,  1679
0.009838797          , 2.414285714285714 , 12.625            ,                     126,        33,  1393, Continuous     ,          ,                 ,    30,         92,  1393,               7, trackA7   ,            30,             507,            269,               9,              1,     12.727896000000001 , MaxsatRc2  , 0.0017104   , ok              ,   0.011548097,      8,                         8,           75,  1393
                     ,                   ,                   ,                        ,          ,      , cont           ,       124, external_timeout,    31,           ,      ,                , trackA8   ,              ,                ,               ,                ,               , 120230                 , maxsat_rc2 ,             , external_timeout, 120.23       ,       ,                          ,             ,      
0.03846310199999997  , 4.4416058394160585, 20.049999237060547,                    2616,        33,  6305, Continuous     ,          ,                 ,    32,        307,  6305,              19, trackA9   ,           465,            3651,           2472,             137,              2,    349.288214          , MaxsatRc2  , 0.308312112 , ok              ,   0.346774314,     20,                       109,           58,  6305
0.015957702000000004 , 2.820472440944882 , 18.176469802856445,                    1632,        33,  4812, Continuous     ,          ,                 ,    33,        157,  4812,              14, trackA10  ,           170,            1791,           1003,              61,              1,     38.565203          , MaxsatRc2  , 0.021050001 , ok              ,   0.037007103,     17,                        47,           49,  4812
                     ,                   ,                   ,                        ,          ,      , cont           ,       124, external_timeout,    34,           ,      ,                , trackA11  ,              ,                ,               ,                ,               , 120233                 , maxsat_rc2 ,             , external_timeout, 120.233      ,       ,                          ,             ,      
                     ,                   ,                   ,                        ,          ,      , cont           ,       124, external_timeout,    35,           ,      ,                , trackA12  ,              ,                ,               ,                ,               , 120224                 , maxsat_rc2 ,             , external_timeout, 120.224      ,       ,                          ,             ,      
0.0120884            , 2.9610591900311527, 17.33333396911621 ,                    2022,        25,  1507, Continuous     ,          ,                 ,    36,        117,  1507,              16, trackB1   ,           179,            1901,           1094,              43,              1,     22.591             , MaxsatRc2  , 0.0090211   , ok              ,   0.0211081  ,     18,                        43,           31,  1507
0.0047973            , 1.9673202614379084, 14.800000190734863,                      87,        25,  4404, Continuous     ,          ,                 ,    37,         57,  4404,               7, trackB2   ,            22,             301,            126,               7,              2,      5.8912            , MaxsatRc2  , 0.0002277   , ok              ,   0.0050244  ,      5,                         5,           44,  4404
0.0058113            , 2.878612716763006 , 16.799999237060547,                     136,        20,   596, Continuous     ,          ,                 ,    38,         70,   596,               8, trackB3   ,            58,             498,            271,               6,              1,      7.3375            , MaxsatRc2  , 0.000565    , ok              ,   0.0063757  ,      5,                        22,           42,   596
                     ,                   ,                   ,                        ,          ,      , cont           ,       124, external_timeout,    39,           ,      ,                , trackB4   ,              ,                ,               ,                ,               , 120224                 , maxsat_rc2 ,             , external_timeout, 120.224      ,       ,                          ,             ,      
0.043474399          , 4.295081967213115 , 17.799999237060547,                     136,        25,  1662, Continuous     ,          ,                 ,    40,        100,  1662,              11, trackB5   ,            90,             786,            524,              19,              1,     50.303699          , MaxsatRc2  , 0.0034365   , ok              ,   0.046909999,      5,                        34,           45,  1662
0.0047312000000000005, 1.7006369426751593, 15.199999809265137,                      93,        25,   209, Continuous     ,          ,                 ,    41,         49,   209,               4, trackB6   ,             8,             267,            102,               3,              1,      5.726             , MaxsatRc2  , 0.0001188   , ok              ,   0.0048492  ,      5,                         1,           45,   209
                     ,                   ,                   ,                        ,          ,      , cont           ,       101, panic           ,    42,           ,      ,                , trackB7   ,              ,                ,               ,                ,               ,    341                 , maxsat_rc2 ,             , panic           ,   0.341      ,       ,                          ,             ,      
0.0069099            , 3.20863309352518  , 13.399999618530273,                      72,        25,  1906, Continuous     ,          ,                 ,    43,        142,  1906,              11, trackB8   ,            40,             446,            271,              39,              1,     10.9166            , MaxsatRc2  , 0.0030802   , ok              ,   0.0099894  ,      5,                        16,           87,  1906
0.008772398999999998 , 4.812182741116751 , 13.571428298950195,                     150,        25,  8593, Continuous     ,          ,                 ,    44,        152,  8593,              14, trackB9   ,           106,             948,            660,              47,              1,     17.598499          , MaxsatRc2  , 0.0077643   , ok              ,   0.016536199,      7,                        35,           70,  8593
0.0052419            , 1.5614973262032086, 12.857142448425293,                     126,        25,  6912, Continuous     ,          ,                 ,    45,         45,  6912,               4, trackB10  ,            10,             292,             95,               7,              1,      6.243399999999999 , MaxsatRc2  , 0.0001087   , ok              ,   0.0053498  ,      7,                         2,           36,  6912
0.0327847            , 3.8075471698113206, 15.399999618530273,                    3202,        25, 68844, Continuous     ,          ,                 ,    46,        261, 68844,              16, trackB11  ,           422,            3027,           1909,             130,              1,    457.47069400000004  , MaxsatRc2  , 0.421924094 , ok              ,   0.454707294,     25,                        77,           54, 68844
                     ,                   ,                   ,                        ,          ,      , cont           ,       124, external_timeout,    47,           ,      ,                , trackB12  ,              ,                ,               ,                ,               , 120227                 , maxsat_rc2 ,             , external_timeout, 120.227      ,       ,                          ,             ,      
                     ,                   ,                   ,                        ,          ,      , cont           ,       124, external_timeout,    48,           ,      ,                , stationA1 ,              ,                ,               ,                ,               , 120264                 , maxsat_rc2 ,             , external_timeout, 120.264      ,       ,                          ,             ,      
                     ,                   ,                   ,                        ,          ,      , cont           ,       124, external_timeout,    49,           ,      ,                , stationA2 ,              ,                ,               ,                ,               , 120246                 , maxsat_rc2 ,             , external_timeout, 120.246      ,       ,                          ,             ,      
                     ,                   ,                   ,                        ,          ,      , cont           ,       124, external_timeout,    50,           ,      ,                , stationA3 ,              ,                ,               ,                ,               , 457746                 , maxsat_rc2 ,             , external_timeout, 457.746      ,       ,                          ,             ,      
0.0217353            , 3.722826086956522 , 19.214284896850586,                    1175,        33,  3122, Continuous     ,          ,                 ,    51,        190,  3122,              16, stationA4 ,           162,            2055,           1359,              59,              1,     58.4231            , MaxsatRc2  , 0.0346164   , ok              ,   0.0563506  ,     14,                        52,           79,  3122
0.11486609999999997  , 3.571729957805907 , 19.25             ,                     876,        33,  3306, Continuous     ,          ,                 ,    52,        339,  3306,              15, stationA5 ,           146,            1693,           1088,             256,              1,   1520.4216079999999   , MaxsatRc2  , 1.397116208 , ok              ,   1.511981408,     12,                        49,           34,  3306
0.006213961          , 1.7745098039215685, 18.625            ,                     307,        33,  2149, Continuous     ,          ,                 ,    53,         62,  2149,               6, stationA6 ,            20,             543,            217,               9,              1,      7.650975          , MaxsatRc2  , 0.000389404 , ok              ,   0.006602665,      8,                         6,           45,  2149
0.0074027749999999995, 2.7904761904761903, 12.625            ,                     126,        33,  1762, Continuous     ,          ,                 ,    54,        110,  1762,               8, stationA7 ,            24,             586,            353,              17,              1,     10.1906            , MaxsatRc2  , 0.001005507 , ok              ,   0.008407482,      8,                         7,           86,  1762
                     ,                   ,                   ,                        ,          ,      , cont           ,       124, external_timeout,    55,           ,      ,                , stationA8 ,              ,                ,               ,                ,               , 120262                 , maxsat_rc2 ,             , external_timeout, 120.262      ,       ,                          ,             ,      
                     ,                   ,                   ,                        ,          ,      , cont           ,       124, external_timeout,    56,           ,      ,                , stationA9 ,              ,                ,               ,                ,               , 120253                 , maxsat_rc2 ,             , external_timeout, 120.253      ,       ,                          ,             ,      
0.0762891089999993   , 3.9322834645669293, 18.176469802856445,                    1632,        33,  6565, Continuous     ,          ,                 ,    57,        628,  6565,              23, stationA10,           268,            2497,           1631,             471,              1,  12623.800451          , MaxsatRc2  , 12.542193741, ok              ,  12.61848195 ,     17,                        78,           77,  6565
                     ,                   ,                   ,                        ,          ,      , cont           ,       124, external_timeout,    58,           ,      ,                , stationA11,              ,                ,               ,                ,               , 120230                 , maxsat_rc2 ,             , external_timeout, 120.23       ,       ,                          ,             ,      
                     ,                   ,                   ,                        ,          ,      , cont           ,       124, external_timeout,    59,           ,      ,                , stationA12,              ,                ,               ,                ,               , 120235                 , maxsat_rc2 ,             , external_timeout, 120.235      ,       ,                          ,             ,      
0.0975019770000074   , 4.302180685358255 , 17.33333396911621 ,                    2022,        25,  4246, Continuous     ,          ,                 ,    60,        671,  4246,              17, stationB1 ,           259,            2762,           1892,             515,              1,  93095.660224          , MaxsatRc2  , 92.983694641, ok              ,  93.081195518,     18,                        61,           95,  4246
0.004900502          , 1.8888888888888888, 14.800000190734863,                      87,        25,  4798, Continuous     ,          ,                 ,    61,         46,  4798,               6, stationB2 ,            20,             289,            116,               8,              1,      6.011703          , MaxsatRc2  , 0.0001667   , ok              ,   0.005066502,      5,                         4,           34,  4798
0.006387303          , 2.953757225433526 , 16.799999237060547,                     136,        20,   674, Continuous     ,          ,                 ,    62,         72,   674,               7, stationB3 ,            32,             511,            306,              11,              1,      7.792904          , MaxsatRc2  , 0.000521901 , ok              ,   0.006908604,      5,                        11,           50,   674
0.04079781699999985  , 4.67629179331307  , 15.949999809265137,                    2246,        25, 62616, Continuous     ,          ,                 ,    63,        334, 62616,              21, stationB4 ,           419,            3077,           2110,             219,              1,   1573.585888          , MaxsatRc2  , 1.529795969 , ok              ,   1.570592586,     20,                        83,           30, 62616
0.007721803000000001 , 4.808743169398907 , 17.799999237060547,                     136,        25,  1485, Continuous     ,          ,                 ,    64,        107,  1485,              20, stationB5 ,           110,             880,            602,              21,              1,     11.452306          , MaxsatRc2  , 0.002843802 , ok              ,   0.010564805,      5,                        46,           38,  1485
0.005162003          , 1.9235668789808917, 15.199999809265137,                      93,        25,   461, Continuous     ,          ,                 ,    65,         43,   461,               4, stationB6 ,            12,             302,            134,               5,              1,      6.221603          , MaxsatRc2  , 0.0001223   , ok              ,   0.005283403,      5,                         3,           35,   461
                     ,                   ,                   ,                        ,          ,      , cont           ,       101, panic           ,    66,           ,      ,                , stationB7 ,              ,                ,               ,                ,               ,   1938                 , maxsat_rc2 ,             , panic           ,   1.938      ,       ,                          ,             ,      
0.005574405          , 2.5179856115107913, 13.399999618530273,                      72,        25,  2300, Continuous     ,          ,                 ,    67,         92,  2300,               6, stationB8 ,            22,             350,            190,              11,              1,      6.947606          , MaxsatRc2  , 0.0004791   , ok              ,   0.006052605,      5,                         7,           74,  2300
0.007342206999999999 , 3.218274111675127 , 13.571428298950195,                     150,        25, 12006, Continuous     ,          ,                 ,    68,         76, 12006,               9, stationB9 ,            82,             634,            361,              17,              1,      9.350207          , MaxsatRc2  , 0.0009351   , ok              ,   0.008276307,      7,                        30,           29, 12006
0.004650104          , 1.5401069518716577, 12.857142448425293,                     126,        25,  8761, Continuous     ,          ,                 ,    69,         45,  8761,               4, stationB10,            12,             288,             89,               7,              1,      5.667605          , MaxsatRc2  , 0.0001056   , ok              ,   0.004755104,      7,                         3,           35,  8761
                     ,                   ,                   ,                        ,          ,      , cont           ,       101, panic           ,    70,           ,      ,                , stationB11,              ,                ,               ,                ,               ,  32277                 , maxsat_rc2 ,             , panic           ,  32.277      ,       ,                          ,             ,      
                     ,                   ,                   ,                        ,          ,      , cont           ,       124, external_timeout,    71,           ,      ,                , stationB12,              ,                ,               ,                ,               , 120223                 , maxsat_rc2 ,             , external_timeout, 120.223      ,       ,                          ,             ,      
